name,designation,city
Meenu,Teacher,Trichy
Meenu,Teacher,Trichy
Chandru,Electrician,Salem
Chandru,Electrician,Chennai
Flor,Doctor,Salem
Fonz,Electrician,Salem
Skyler,Plumber,Chennai
Lenci,Plumber,Salem
Katya,Teacher,Trichy
Robin,Electrician,Chennai
Darrell,Teacher,Salem
Evangelina,Plumber,Tirunelveli
Noland,Electrician,Trichy
Christiano,Doctor,Kanyakumari
Betteann,Electrician,Chennai
Angelico,Engineer,Kanyakumari
Kristan,Teacher,Chennai
Ardelis,Doctor,Chennai
Kynthia,Electrician,Kanyakumari
Claudell,Doctor,Salem
Ross,Doctor,Trichy
Ebenezer,Plumber,Tirunelveli
Jarad,Doctor,Kanyakumari
Janifer,Electrician,Salem
Lia,Engineer,Tirunelveli
Hilary,Engineer,Tirunelveli
Sheelagh,Engineer,Chennai
Agnesse,Teacher,Chennai
Claudetta,Engineer,Kanyakumari
Freddy,Electrician,Salem
Gayleen,Teacher,Kanyakumari
Rowen,Plumber,Salem
Brendin,Engineer,Tirunelveli
Shermie,Doctor,Tirunelveli
Abby,Doctor,Trichy
Juli,Teacher,Salem
Laurence,Engineer,Kanyakumari
Cortie,Doctor,Kanyakumari
Roseann,Teacher,Trichy
Isidro,Doctor,Kanyakumari
Jacquelyn,Teacher,Chennai
Joelle,Teacher,Trichy
Di,Engineer,Tirunelveli
Andres,Electrician,Salem
Philomena,Plumber,Trichy
Skelly,Doctor,Salem
Bevvy,Engineer,Trichy
Parnell,Doctor,Chennai
Bartram,Engineer,Tirunelveli
Greg,Plumber,Kanyakumari
Lebbie,Electrician,Tirunelveli
Carmelina,Teacher,Chennai
Lou,Doctor,Chennai
Jania,Teacher,Tirunelveli
Liva,Doctor,Kanyakumari
Colman,Plumber,Chennai
Artemas,Engineer,Kanyakumari
Fawn,Plumber,Trichy
Mata,Electrician,Tirunelveli
Flint,Plumber,Salem
Cicely,Electrician,Kanyakumari
Portie,Teacher,Tirunelveli
Tamera,Electrician,Kanyakumari
Charmine,Doctor,Salem
Ricky,Teacher,Tirunelveli
Zita,Electrician,Chennai
Dew,Teacher,Trichy
Silva,Engineer,Chennai
Meredith,Teacher,Kanyakumari
Stavros,Teacher,Kanyakumari
Lonni,Doctor,Kanyakumari
Sylvia,Teacher,Tirunelveli
Eduino,Engineer,Tirunelveli
Krissy,Plumber,Chennai
Sholom,Teacher,Tirunelveli
Anders,Engineer,Trichy
Sherlock,Plumber,Tirunelveli
Ryon,Doctor,Tirunelveli
Mariele,Doctor,Salem
Yancy,Plumber,Chennai
Randal,Plumber,Kanyakumari
Joanie,Engineer,Salem
Marleah,Plumber,Tirunelveli
Thorny,Electrician,Tirunelveli
Dun,Engineer,Trichy
Fayette,Teacher,Tirunelveli
Onofredo,Teacher,Kanyakumari
Jaimie,Doctor,Kanyakumari
Hadley,Plumber,Kanyakumari
Livy,Teacher,Kanyakumari
Katherine,Engineer,Salem
Ki,Electrician,Tirunelveli
Nev,Plumber,Chennai
Felike,Electrician,Trichy
Raymund,Electrician,Chennai
Jasper,Teacher,Salem
Gratia,Doctor,Chennai
Ferrell,Engineer,Tirunelveli
Jeffy,Doctor,Trichy
Virginie,Teacher,Tirunelveli
Heywood,Electrician,Salem
Ignace,Doctor,Trichy
Franklyn,Plumber,Kanyakumari
Ardys,Engineer,Kanyakumari
