id,name,age,salary,city
1,Ramman,25,20000,Chennai
2,Suman,23,18000,Coimbatore
3,Keerthi,25,50000,Bangalore
4,Victor,32,,Mumbai
5,Adithya,40,50000,Noida
6,Waylin,58,,Bangalore
7,Leupold,29,,Mumbai
8,Dalis,21,14102,Noida
9,Dmitri,58,,Mumbai
10,Lucio,29,,Noida
11,Goran,27,,Noida
12,Lottie,50,,Coimbatore
13,Gris,35,,Noida
14,Ephrem,59,,Coimbatore
15,Bastian,36,,Mumbai
16,Cesaro,27,,Mumbai
17,Ofella,22,,Coimbatore
18,Denis,57,13122,Noida
19,Krystalle,39,,Mumbai
20,Noelani,45,,Mumbai
21,Sanson,30,,Bangalore
22,Layla,50,,Mumbai
23,Rosalinda,48,,Noida
24,Glen,47,,Chennai
25,Steffie,53,,Noida
26,Britte,35,,Coimbatore
27,Avictor,39,11656,Bangalore
28,Evaleen,57,,Coimbatore
29,Mikel,35,,Mumbai
30,Ernaline,34,,Bangalore
31,Ara,48,,Bangalore
32,Adelice,22,,Mumbai
33,Piotr,22,,Noida
34,Heindrick,43,,Coimbatore
35,Magdaia,28,,Chennai
36,Nate,24,,Chennai
37,Gottfried,24,,Bangalore
38,Nelly,46,,Coimbatore
39,Mario,40,,Noida
40,Derrik,47,,Coimbatore
41,Mareah,48,,Mumbai
42,Hendrika,41,14289,Chennai
43,Oralia,37,,Mumbai
44,Georgianna,44,,Noida
45,Hallsy,35,,Coimbatore
46,Helyn,27,,Chennai
47,Gamaliel,56,,Mumbai
48,Perice,25,,Coimbatore
49,Ellette,42,,Chennai
50,Cordell,49,,Noida
51,Rheta,30,,Mumbai
52,Andrea,51,,Bangalore
53,Winfield,55,,Bangalore
54,Berkeley,44,,Coimbatore
55,Heather,57,,Chennai
56,Jillane,28,,Bangalore
57,Amie,54,14396,Mumbai
58,Marybeth,41,,Noida
59,Lambert,53,13970,Noida
60,Bunnie,34,,Mumbai
61,Paco,50,11447,Bangalore
62,Timothea,33,,Chennai
63,Shep,34,,Chennai
64,Ernestus,40,,Chennai
65,Lindon,43,12297,Mumbai
66,Rafferty,37,,Noida
67,Meade,20,,Noida
68,Carmelita,21,,Mumbai
69,Blakelee,51,,Mumbai
70,Randolf,38,,Coimbatore
71,Henri,33,,Noida
72,Goldina,22,,Coimbatore
73,Nichols,33,,Coimbatore
74,Constantine,50,,Chennai
75,Brande,55,,Bangalore
76,Kalvin,34,13753,Mumbai
77,Kippy,30,,Mumbai
78,Agneta,49,,Noida
79,Talia,40,,Coimbatore
80,Cari,56,,Mumbai
81,Virge,48,,Chennai
82,Hanan,52,,Mumbai
83,Wilhelmina,58,,Coimbatore
84,Francesco,57,,Chennai
85,Nadeen,44,12404,Bangalore
86,Sanderson,58,,Chennai
87,June,54,,Bangalore
88,Calida,51,,Bangalore
89,Minny,39,,Mumbai
90,Leilah,33,14377,Noida
91,Lane,40,,Noida
92,Danyelle,28,,Noida
93,Bailie,36,11332,Chennai
94,Ahmed,59,,Bangalore
95,Jon,44,,Chennai
96,Jefferson,24,,Mumbai
97,Gradeigh,43,,Coimbatore
98,Noll,29,,Mumbai
99,Abbot,52,,Bangalore
100,Gwendolen,48,,Mumbai
101,Bernardine,33,,Coimbatore
102,Haley,57,13563,Bangalore
103,Linea,44,,Noida
104,Deloris,30,,Bangalore
105,Mar,35,,Bangalore
