id,name,dept_id,section
1,Karee,1,A
2,Jobie,2,B
3,Kyle,3,A
4,Georges,1,B
5,Tracey,2,A
6,Tome,3,B
7,Ezmeralda,1,A
8,Kirbee,2,B
9,Irena,3,A
10,Gwendolin,1,B
11,Leonelle,2,A
12,Vanya,3,B
13,Easter,1,A
14,Jack,2,B
15,Sharron,3,A
16,Helli,1,B
17,Angelico,2,A
18,Isabelle,3,B
19,Derek,1,A
20,Tabbitha,2,B
21,Marleah,3,A
22,Valli,1,B
23,Hilly,2,A
24,Innis,3,B
25,Mignon,1,A
26,Viviyan,2,B
27,Yoko,3,A
28,Elaina,1,B
29,Edie,2,A
30,Douglass,3,B
31,Roseann,1,A
32,Jaine,2,B
33,Fulton,3,A
34,Moshe,1,B
35,Demetris,2,A
36,Nobie,3,B
37,Sherye,1,A
38,Emeline,2,B
39,Maiga,3,A
40,Warner,1,B
41,Valina,2,A
42,Sela,3,B
43,Babb,1,A
44,Darn,2,B
45,Hewe,3,A
46,Johnny,1,B
47,Chadwick,2,A
48,Ardene,3,B
49,Tedie,1,A
50,Ellen,2,B
51,Annis,3,A
52,Eula,1,B
53,Elianore,2,A
54,Cherin,3,B
55,Cornie,1,A
56,Georgette,2,B
57,Devi,3,A
58,Norby,1,B
59,Elvira,2,A
60,Rusty,3,B
61,Antoinette,1,A
62,Kelby,2,B
63,Freeland,3,A
64,Christine,1,B
65,Jonis,2,A
66,Louie,3,B
67,Erena,1,A
68,Eran,2,B
69,Gerladina,3,A
70,Veronika,1,B
71,Sibelle,2,A
72,Clarance,3,B
73,Kira,1,A
74,Bennett,2,B
75,Krissie,3,A
76,Eachelle,1,B
77,Finley,2,A
78,Bertine,3,B
79,Leonerd,1,A
80,Dru,2,B
81,Jorey,3,A
82,Adolphe,1,B
83,Bria,2,A
84,Marshal,3,B
85,Natty,1,A
86,Franny,2,B
87,Gizela,3,A
88,Chauncey,1,B
89,Lenee,2,A
90,Hughie,3,B
91,Nefen,1,A
92,Nicolai,2,B
93,Ase,3,A
94,Madison,1,B
95,Randa,2,A
96,Maurice,3,B
97,Carolus,1,A
98,Tabatha,2,B
99,Hernando,3,A
100,Marve,1,B
101,Bertram,2,A
102,Morganne,3,B
103,Rozamond,1,A
104,Jard,2,B
105,Jorgan,3,A
106,Erick,1,B
107,Nikola,2,A
108,Koralle,3,B
109,Ambur,1,A
110,Ware,2,B
111,Colby,3,A
112,Fancy,1,B
113,Prudence,2,A
114,Vincenty,3,B
115,Linc,1,A
116,Brigit,2,B
117,Luigi,3,A
118,Gaven,1,B
119,Vania,2,A
120,Fran,3,B
121,Bobine,1,A
122,Darcee,2,B
123,Bengt,3,A
124,Hilton,1,B
125,Shirl,2,A
126,Ursala,3,B
127,Heda,1,A
128,Geri,2,B
129,Kayle,3,A
130,Dede,1,B
131,Bennie,2,A
132,Salem,3,B
133,Wes,1,A
134,Bertie,2,B
135,Frayda,3,A
136,Mandie,1,B
137,Tillie,2,A
138,Eunice,3,B
139,Norton,1,A
140,Larry,2,B
141,Micheil,3,A
142,Darnall,1,B
143,Dill,2,A
144,Shem,3,B
145,Charla,1,A
146,Khalil,2,B
147,Jehanna,3,A
148,Merwin,1,B
149,Anastasie,2,A
150,Dorey,3,B
151,Glennie,1,A
152,Karin,2,B
153,Obidiah,3,A
154,Gus,1,B
155,Tanney,2,A
156,Waldo,3,B
157,Wilhelm,1,A
158,Alphonse,2,B
159,Brynne,3,A
160,Jerrine,1,B
161,Glendon,2,A
162,Hugo,3,B
163,Alonso,1,A
164,Antonie,2,B
165,Franciska,3,A
166,Thomasina,1,B
167,Lorin,2,A
168,Alanah,3,B
169,Aubert,1,A
170,Spense,2,B
171,Miles,3,A
172,Hans,1,B
173,Othilie,2,A
174,Curcio,3,B
175,Dorrie,1,A
176,Concordia,2,B
177,Baxter,3,A
178,Dominic,1,B
179,Courtnay,2,A
180,Nestor,3,B
181,Traver,1,A
182,Noak,2,B
183,Bobbee,3,A
184,Sydel,1,B
185,Valentino,2,A
186,Felisha,3,B
187,Maren,1,A
188,Ernestus,2,B
189,Delly,3,A
190,Aurthur,1,B
191,Juliann,2,A
192,Stanislaw,3,B
193,Cordie,1,A
194,Winslow,2,B
195,Erwin,3,A
196,Robb,1,B
197,Dana,2,A
198,Giuseppe,3,B
199,Johnny,1,A
200,Wolfgang,2,B
201,Dar,3,A
202,Almire,1,B
203,Erek,2,A
204,Lucilia,3,B
205,Pammie,1,A
206,Hunfredo,2,B
207,Kessia,3,A
208,Trey,1,B
209,Hubert,2,A
210,Alecia,3,B
211,Ellynn,1,A
212,Kassia,2,B
213,Bobinette,3,A
214,Lesly,1,B
215,Cyndi,2,A
216,Rutter,3,B
217,Tiffany,1,A
218,Son,2,B
219,Ezmeralda,3,A
220,Elihu,1,B
221,Lemar,2,A
222,Emily,3,B
223,Kassandra,1,A
224,Rori,2,B
225,Lev,3,A
226,Tedie,1,B
227,Serene,2,A
228,Giorgio,3,B
229,Paula,1,A
230,Ingram,2,B
231,Zak,3,A
232,Grannie,1,B
233,Salome,2,A
234,Sawyer,3,B
235,Mitchel,1,A
236,Haze,2,B
237,Maisey,3,A
238,Briano,1,B
239,Normand,2,A
240,Pebrook,3,B
241,Lorain,1,A
242,Danica,2,B
243,Abigael,3,A
244,Robbie,1,B
245,De witt,2,A
246,Myca,3,B
247,Torey,1,A
248,Sibylle,2,B
249,Cordie,3,A
250,Mariele,1,B
251,Shelby,2,A
252,Ariadne,3,B
253,Ashia,1,A
254,Ellwood,2,B
255,Florette,3,A
256,Kenny,1,B
257,Garvey,2,A
258,Molly,3,B
259,Brigitta,1,A
260,Ruthann,2,B
261,Nester,3,A
262,Shelba,1,B
263,Adi,2,A
264,Jodie,3,B
265,Lydon,1,A
266,Syd,2,B
267,Tasia,3,A
268,Tallie,1,B
269,Gwenora,2,A
270,Babita,3,B
271,Aleece,1,A
272,Finn,2,B
273,Arlin,3,A
274,Wildon,1,B
275,Danyette,2,A
276,Thatch,3,B
277,Faber,1,A
278,Jecho,2,B
279,Tad,3,A
280,Beth,1,B
281,Zedekiah,2,A
282,Hirsch,3,B
283,Elianora,1,A
284,Ignazio,2,B
285,Teador,3,A
286,Alli,1,B
287,Mervin,2,A
288,Isacco,3,B
289,Cora,1,A
290,Sabrina,2,B
291,Marney,3,A
292,Sisile,1,B
293,Elianora,2,A
294,Jacki,3,B
295,Karol,1,A
296,Loree,2,B
297,Maggie,3,A
298,Kelila,1,B
299,Ursuline,2,A
300,Jamey,3,B
301,Andras,1,A
302,Mikol,2,B
303,Salomi,3,A
304,Libbey,1,B
305,Roobbie,2,A
306,Byrann,3,B
307,Greg,1,A
308,Ronny,2,B
309,Quintana,3,A
310,Erma,1,B
311,Claude,2,A
312,Eddie,3,B
313,Delbert,1,A
314,Stinky,2,B
315,Kyle,3,A
316,Arri,1,B
317,Billie,2,A
318,Onida,3,B
319,Kelila,1,A
320,Lockwood,2,B
321,Filippo,3,A
322,Karole,1,B
323,Minna,2,A
324,Aubrette,3,B
325,Germana,1,A
326,Garv,2,B
327,Davide,3,A
328,Kissee,1,B
329,Lowe,2,A
330,Chicky,3,B
331,Ambur,1,A
332,Cosme,2,B
333,Geraldine,3,A
334,Inna,1,B
335,Suki,2,A
336,Shaina,3,B
337,Lesley,1,A
338,Perrine,2,B
339,Arliene,3,A
340,Van,1,B
341,Cinnamon,2,A
342,Dora,3,B
343,Devy,1,A
344,Carly,2,B
345,Chandler,3,A
346,Egor,1,B
347,Flem,2,A
348,Georges,3,B
349,Lari,1,A
350,Barnie,2,B
351,Frasco,3,A
352,Lyle,1,B
353,Brigida,2,A
354,Stacee,3,B
355,Mendel,1,A
356,Mahmoud,2,B
357,Ernaline,3,A
358,Paulie,1,B
359,Perle,2,A
360,Sissie,3,B
361,Johanna,1,A
362,Cathrin,2,B
363,Jana,3,A
364,Sigismundo,1,B
365,Gwyneth,2,A
366,Bernard,3,B
367,Vina,1,A
368,Dulce,2,B
369,Kyle,3,A
370,Trstram,1,B
371,Perice,2,A
372,Deina,3,B
373,Mona,1,A
374,Shanna,2,B
375,Darbee,3,A
376,Darius,1,B
377,Arron,2,A
378,Emilia,3,B
379,Michaeline,1,A
380,Fawn,2,B
381,Angeli,3,A
382,Morgana,1,B
383,Catlaina,2,A
384,Kristopher,3,B
385,Colly,1,A
386,Druci,2,B
387,Alfi,3,A
388,Christopher,1,B
389,Patty,2,A
390,Andromache,3,B
391,Jayme,1,A
392,Rogers,2,B
393,Jamaal,3,A
394,Venita,1,B
395,Helen,2,A
396,Corabelle,3,B
397,Horatius,1,A
398,Broddy,2,B
399,Andras,3,A
400,Armstrong,1,B
401,Ebeneser,2,A
402,Lonni,3,B
403,Neddy,1,A
404,Fee,2,B
405,Filberto,3,A
406,Marlow,1,B
407,Dix,2,A
408,Guenna,3,B
409,Erv,1,A
410,Mortie,2,B
411,Farrah,3,A
412,Cordie,1,B
413,Baillie,2,A
414,Reena,3,B
415,Mildrid,1,A
416,Stevie,2,B
417,Rahel,3,A
418,Brooks,1,B
419,Marieann,2,A
420,Shoshanna,3,B
421,Letta,1,A
422,Siusan,2,B
423,Fredericka,3,A
424,Redford,1,B
425,Evita,2,A
426,Gert,3,B
427,Darcie,1,A
428,Rivi,2,B
429,Paola,3,A
430,Ddene,1,B
431,Gayle,2,A
432,Claudianus,3,B
433,Marline,1,A
434,Gordon,2,B
435,Diane-marie,3,A
436,Olav,1,B
437,Gabey,2,A
438,Genevra,3,B
439,Ivie,1,A
440,Rudolfo,2,B
441,Virgina,3,A
442,Robbie,1,B
443,Trescha,2,A
444,Tamar,3,B
445,Boigie,1,A
446,Ade,2,B
447,Valerie,3,A
448,Heddie,1,B
449,Yance,2,A
450,Rawley,3,B
451,Lenci,1,A
452,Jehanna,2,B
453,Del,3,A
454,Adriaens,1,B
455,Lyman,2,A
456,Jordon,3,B
457,Kelly,1,A
458,Dynah,2,B
459,Kitty,3,A
460,Cassondra,1,B
461,Klara,2,A
462,Dorolisa,3,B
463,Godfry,1,A
464,Devonna,2,B
465,Lilas,3,A
466,Weidar,1,B
467,Bryana,2,A
468,Jamill,3,B
469,Bobbie,1,A
470,Dimitri,2,B
471,Karel,3,A
472,Ewart,1,B
473,Eugene,2,A
474,Marti,3,B
475,Celestyna,1,A
476,Brian,2,B
477,Gherardo,3,A
478,Geoffry,1,B
479,Jackson,2,A
480,Morton,3,B
481,Sharona,1,A
482,Aubrie,2,B
483,Lizabeth,3,A
484,Vidovic,1,B
485,Rickey,2,A
486,Jason,3,B
487,Jodee,1,A
488,Janel,2,B
489,Ira,3,A
490,Petronella,1,B
491,Fay,2,A
492,Freeman,3,B
493,Trescha,1,A
494,Drucy,2,B
495,Brucie,3,A
496,Cass,1,B
497,Brianna,2,A
498,Philipa,3,B
499,Blair,1,A
500,Nilson,2,B
501,Hillery,3,A
502,Eleanora,1,B
503,Robinson,2,A
504,Daisy,3,B
505,Aldous,1,A
506,Hyacinthia,2,B
507,Elset,3,A
508,Oralee,1,B
509,Tiffy,2,A
510,Kora,3,B
511,Miller,1,A
512,Matthus,2,B
513,Townie,3,A
514,Jacintha,1,B
515,Hurlee,2,A
516,Nell,3,B
517,Matilde,1,A
518,Ray,2,B
519,Worth,3,A
520,Alasdair,1,B
521,Simona,2,A
522,Dan,3,B
523,Yalonda,1,A
524,Christal,2,B
525,Mathilde,3,A
526,Norry,1,B
527,Daphene,2,A
528,Aland,3,B
529,Tamiko,1,A
530,Rori,2,B
531,Maje,3,A
532,Amelita,1,B
533,Cirillo,2,A
534,Gardiner,3,B
535,Gaylor,1,A
536,Kamillah,2,B
537,Dieter,3,A
538,Kelila,1,B
539,Adaline,2,A
540,Rowan,3,B
541,Bea,1,A
542,Obadias,2,B
543,Jaquelin,3,A
544,Maury,1,B
545,Vivie,2,A
546,Mellisent,3,B
547,Alexis,1,A
548,Lindsey,2,B
549,Modestine,3,A
550,Morton,1,B
551,Adler,2,A
552,Wilbur,3,B
553,Gayla,1,A
554,Gisella,2,B
555,Jacintha,3,A
556,Allegra,1,B
557,Jobie,2,A
558,Latia,3,B
559,Ashil,1,A
560,Alwyn,2,B
561,Bart,3,A
562,Rafi,1,B
563,Rosalyn,2,A
564,Anthea,3,B
565,Marnia,1,A
566,Greggory,2,B
567,Puff,3,A
568,Dillon,1,B
569,Shirlee,2,A
570,Valencia,3,B
571,Matthieu,1,A
572,Beilul,2,B
573,Ciro,3,A
574,Tanny,1,B
575,Ed,2,A
576,Orlan,3,B
577,Martie,1,A
578,Paulette,2,B
579,Felita,3,A
580,Angelle,1,B
581,Bordie,2,A
582,Anselma,3,B
583,Taddeo,1,A
584,Torin,2,B
585,Eugenio,3,A
586,Elinor,1,B
587,Reyna,2,A
588,Lowe,3,B
589,Florina,1,A
590,Anthea,2,B
591,Eduard,3,A
592,Parnell,1,B
593,Bo,2,A
594,Morgen,3,B
595,Hieronymus,1,A
596,Beryl,2,B
597,Silvano,3,A
598,Derril,1,B
599,Dwight,2,A
600,Antoine,3,B
601,Dorian,1,A
602,See,2,B
603,Stevie,3,A
604,Jerrilyn,1,B
605,Mikkel,2,A
606,Crin,3,B
607,Foster,1,A
608,Buiron,2,B
609,Reese,3,A
610,Jean,1,B
611,Reba,2,A
612,Kelcey,3,B
613,Jenna,1,A
614,Biddy,2,B
615,Chester,3,A
616,Tracey,1,B
617,Hermia,2,A
618,Donny,3,B
619,Bondie,1,A
620,Tania,2,B
621,Edward,3,A
622,Zollie,1,B
623,Emelyne,2,A
624,Zorine,3,B
625,Manda,1,A
626,Magdalene,2,B
627,Jeremias,3,A
628,Malva,1,B
629,Wandis,2,A
630,Tomasine,3,B
631,Quillan,1,A
632,Kirby,2,B
633,Erie,3,A
634,Marje,1,B
635,Rebbecca,2,A
636,Audi,3,B
637,Lurleen,1,A
638,Justis,2,B
639,Nikolaus,3,A
640,Dyanne,1,B
641,Georgetta,2,A
642,Bruis,3,B
643,Heidie,1,A
644,Neilla,2,B
645,Arlina,3,A
646,Marlin,1,B
647,Bryana,2,A
648,Elnore,3,B
649,Brenden,1,A
650,Caritta,2,B
651,Fiorenze,3,A
652,Audy,1,B
653,Beauregard,2,A
654,Jordon,3,B
655,Dreddy,1,A
656,Basil,2,B
657,Wynn,3,A
658,Mildrid,1,B
659,Nettle,2,A
660,Nial,3,B
661,Jojo,1,A
662,Devan,2,B
663,Codie,3,A
664,Cherish,1,B
665,Marney,2,A
666,Abraham,3,B
667,Marlow,1,A
668,Verney,2,B
669,Keelby,3,A
670,Amber,1,B
671,Michal,2,A
672,Selia,3,B
673,Gabie,1,A
674,Ingaberg,2,B
675,Melisenda,3,A
676,Aida,1,B
677,Ansel,2,A
678,Lorena,3,B
679,Alfie,1,A
680,Kearney,2,B
681,Lynnell,3,A
682,Eolanda,1,B
683,Camellia,2,A
684,Bria,3,B
685,Althea,1,A
686,Efrem,2,B
687,Parrnell,3,A
688,Gawen,1,B
689,Cassius,2,A
690,Jabez,3,B
691,Martie,1,A
692,Raimund,2,B
693,Pepi,3,A
694,Syman,1,B
695,Noreen,2,A
696,Stesha,3,B
697,Arabella,1,A
698,Lilas,2,B
699,Mateo,3,A
700,Holly-anne,1,B
701,Hashim,2,A
702,Justine,3,B
703,Vittorio,1,A
704,Shir,2,B
705,Alfi,3,A
706,Adiana,1,B
707,Wilone,2,A
708,Solomon,3,B
709,Rainer,1,A
710,Germain,2,B
711,Ezri,3,A
712,Andrew,1,B
713,Sinclare,2,A
714,Norean,3,B
715,Netty,1,A
716,Deina,2,B
717,Rusty,3,A
718,Roxine,1,B
719,Normand,2,A
720,Granville,3,B
721,Alysia,1,A
722,Bobina,2,B
723,Lucho,3,A
724,Alethea,1,B
725,Myrlene,2,A
726,Florry,3,B
727,Danell,1,A
728,Emmey,2,B
729,Nil,3,A
730,Pierrette,1,B
731,Wood,2,A
732,Borg,3,B
733,Casey,1,A
734,Fulvia,2,B
735,Tamqrah,3,A
736,Piggy,1,B
737,Nester,2,A
738,Salvador,3,B
739,Alyse,1,A
740,Welch,2,B
741,Celie,3,A
742,Durand,1,B
743,Orelle,2,A
744,Darin,3,B
745,Rutter,1,A
746,Lorrie,2,B
747,Dalis,3,A
748,Gerianne,1,B
749,Trueman,2,A
750,Pearce,3,B
751,Ginnifer,1,A
752,Correna,2,B
753,Janean,3,A
754,Sheffie,1,B
755,Bogey,2,A
756,Dario,3,B
757,Tammie,1,A
758,Zelda,2,B
759,Taddeusz,3,A
760,Klarika,1,B
761,Emelyne,2,A
762,Anne,3,B
763,Carolyn,1,A
764,Myrta,2,B
765,Murielle,3,A
766,Dale,1,B
767,Rosanne,2,A
768,Harald,3,B
769,Cloris,1,A
770,Kamilah,2,B
771,Georgianna,3,A
772,Teodoor,1,B
773,Garald,2,A
774,Layne,3,B
775,Madlin,1,A
776,Flint,2,B
777,Hanson,3,A
778,Wendie,1,B
779,Donny,2,A
780,Trish,3,B
781,Cletus,1,A
782,Charis,2,B
783,Jeralee,3,A
784,Herman,1,B
785,Brandy,2,A
786,Ryon,3,B
787,Meagan,1,A
788,West,2,B
789,Ronny,3,A
790,Hatti,1,B
791,Thomasa,2,A
792,Haven,3,B
793,Jessy,1,A
794,Patrizius,2,B
795,Chrotoem,3,A
796,Domini,1,B
797,Eugen,2,A
798,Rocky,3,B
799,Dolly,1,A
800,Maggi,2,B
801,Randy,3,A
802,Bartholomeus,1,B
803,Yehudit,2,A
804,Minerva,3,B
805,Waylon,1,A
806,Salvatore,2,B
807,Regine,3,A
808,Pris,1,B
809,Virginia,2,A
810,Ashli,3,B
811,Benny,1,A
812,Yves,2,B
813,Wilma,3,A
814,Hew,1,B
815,Kalli,2,A
816,Jennica,3,B
817,Adham,1,A
818,Mareah,2,B
819,Bartlet,3,A
820,Colby,1,B
821,Natalie,2,A
822,Enos,3,B
823,Abbie,1,A
824,Shanda,2,B
825,Pat,3,A
826,Demetris,1,B
827,Kyle,2,A
828,Eveline,3,B
829,Bettye,1,A
830,Ezri,2,B
831,Herc,3,A
832,Mirelle,1,B
833,Horst,2,A
834,Neville,3,B
835,Griz,1,A
836,Karry,2,B
837,Pooh,3,A
838,Erminie,1,B
839,Pet,2,A
840,Lorette,3,B
841,Shurlocke,1,A
842,Veriee,2,B
843,Godiva,3,A
844,Ricky,1,B
845,Carl,2,A
846,Patricio,3,B
847,Alta,1,A
848,Nate,2,B
849,Caitlin,3,A
850,Georas,1,B
851,Lem,2,A
852,Brendin,3,B
853,Yoshiko,1,A
854,Rudd,2,B
855,Livvy,3,A
856,Paulie,1,B
857,Horton,2,A
858,Leoline,3,B
859,Nat,1,A
860,Kristi,2,B
861,Quinlan,3,A
862,Violante,1,B
863,Regen,2,A
864,Odele,3,B
865,Lance,1,A
866,Isaak,2,B
867,Franciska,3,A
868,Hill,1,B
869,Hugo,2,A
870,Ned,3,B
871,Margareta,1,A
872,Lyda,2,B
873,Hanni,3,A
874,Brnaba,1,B
875,Lena,2,A
876,Jerrie,3,B
877,Mendel,1,A
878,Adams,2,B
879,Olivier,3,A
880,Cathleen,1,B
881,Antony,2,A
882,Tomkin,3,B
883,Cleveland,1,A
884,Kippy,2,B
885,Ania,3,A
886,Darby,1,B
887,Gabbey,2,A
888,Bran,3,B
889,Carlie,1,A
890,Johan,2,B
891,Barthel,3,A
892,Kahaleel,1,B
893,Bethina,2,A
894,Lennard,3,B
895,Abbot,1,A
896,Alvera,2,B
897,Meghan,3,A
898,Kerr,1,B
899,Bessy,2,A
900,Teressa,3,B
901,Adriena,1,A
902,Yasmeen,2,B
903,Bobby,3,A
904,Tommy,1,B
905,Alyssa,2,A
906,Genvieve,3,B
907,Lissie,1,A
908,Willa,2,B
909,Edee,3,A
910,Casper,1,B
911,Ellis,2,A
912,Hortensia,3,B
913,Mortimer,1,A
914,Wilmar,2,B
915,Melisent,3,A
916,Aundrea,1,B
917,Johnna,2,A
918,Gayla,3,B
919,Yetta,1,A
920,Roger,2,B
921,Rabbi,3,A
922,Chen,1,B
923,Lonnie,2,A
924,Cosimo,3,B
925,Tarrance,1,A
926,Scarlett,2,B
927,Ester,3,A
928,Siward,1,B
929,Wilow,2,A
930,Charleen,3,B
931,Mano,1,A
932,Rosalynd,2,B
933,Bartholemy,3,A
934,Eugine,1,B
935,Bjorn,2,A
936,Kelby,3,B
937,Haley,1,A
938,Matty,2,B
939,Pietrek,3,A
940,Cinda,1,B
941,Fitzgerald,2,A
942,Reggy,3,B
943,Tova,1,A
944,Leonelle,2,B
945,Flossy,3,A
946,Ev,1,B
947,Kimberlyn,2,A
948,Davis,3,B
949,Orelee,1,A
950,Lynnett,2,B
951,Laureen,3,A
952,Chris,1,B
953,Maurita,2,A
954,Slade,3,B
955,Josi,1,A
956,Susann,2,B
957,Katya,3,A
958,Denny,1,B
959,Kelli,2,A
960,Cleveland,3,B
961,Bartolemo,1,A
962,Ignatius,2,B
963,Michaelina,3,A
964,Robenia,1,B
965,Gherardo,2,A
966,Zeb,3,B
967,Emelyne,1,A
968,Nananne,2,B
969,Titus,3,A
970,Stanleigh,1,B
971,Kristen,2,A
972,Guntar,3,B
973,Sandye,1,A
974,Sioux,2,B
975,Michael,3,A
976,Gertrude,1,B
977,Devondra,2,A
978,Codi,3,B
979,Berkly,1,A
980,Gnni,2,B
981,Cassandry,3,A
982,Dode,1,B
983,Mignonne,2,A
984,Eugenius,3,B
985,Aggi,1,A
986,Moss,2,B
987,Jewel,3,A
988,Melissa,1,B
989,Farrell,2,A
990,Arleta,3,B
991,Devonna,1,A
992,Tirrell,2,B
993,Fran,3,A
994,Mannie,1,B
995,Licha,2,A
996,Goldy,3,B
997,Laryssa,1,A
998,Cori,2,B
999,Zorana,3,A
1000,Vitia,1,B
