f_name,l_name,dob,age,gender,street,state
Talbert,Taysbil,21-07-1992,,Male,6024 Onsgard Way,IL
Dyana,Tomini,10-03-1963,59,Female,082 Loomis Pass,TX
Fredia,Cuschieri,03-03-1957,,Female,681 Mayer Lane,NV
Kyle,Helleckas,08-12-1956,44,Female,054 Manitowish Crossing,FL
Linet,Stroyan,23-09-1996,,Female,8242 Sunfield Plaza,NC
Nev,Borsi,04-01-1992,,Male,59 Utah Street,NY
Ogdan,Baraja,04-01-1982,44,Male,567 Oriole Park,FL
Darcee,Draper,03-02-1979,,Female,5406 Monterey Terrace,AL
Delainey,Caley,16-07-1975,47,Male,83 Fremont Plaza,NC
Siward,Calder,04-03-1958,,Male,22 Cody Trail,CA
Hasty,Harwick,23-07-1964,52,Male,26350 Autumn Leaf Center,TX
Obadiah,Prattin,31-03-1970,25,Male,503 Fieldstone Parkway,IL
Koral,Mangenot,02-07-1971,,Female,3312 Judy Lane,FL
Goldia,Brumby,16-02-1963,,Female,2791 Village Court,WI
Melvin,Jansie,13-03-1953,50,Male,73618 Michigan Circle,DE
Dugald,Ockenden,04-08-1981,,Male,17 Welch Court,CA
Dimitri,Babon,18-01-2001,,Male,26 Scott Trail,PA
Halsey,Haslam,12-08-1995,29,Male,72569 Huxley Terrace,KY
Else,Fishbourn,02-09-2000,,Female,82 Green Ridge Road,IL
Hilliary,Moens,11-05-1972,66,Female,94 Bultman Court,CA
Chen,Uwins,31-03-2007,22,Male,751 Forest Crossing,WV
Delmer,Brockie,25-09-1985,,Male,6 Hudson Avenue,MA
Thatch,Holby,15-04-1988,,Male,70 Crowley Center,AL
Berky,Short,04-09-2010,,Male,5008 Northview Drive,NY
Dayna,Grishanov,10-05-1958,59,Female,099 Wayridge Center,FL
Lurleen,Gandar,29-06-2009,35,Female,63634 Shasta Court,AL
Tybi,Benit,31-01-1995,32,Female,14854 Waubesa Point,MI
Finley,Coopman,17-08-1976,,Male,7694 John Wall Road,OH
Willard,Edgehill,09-05-1984,,Male,50 Larry Junction,WA
Jojo,Cridland,29-08-1994,,Female,035 Warbler Crossing,AL
Tate,Rodenhurst,25-01-1996,60,Male,9572 Blue Bill Park Road,FL
Astra,Vallis,17-06-1974,,Female,1173 Artisan Way,IN
Finley,Larsen,31-10-1957,16,Male,2 Hansons Terrace,TX
James,De Morena,28-03-1991,,Male,85198 Rutledge Parkway,NY
Abdel,Micah,18-11-1980,,Male,4150 Carey Crossing,OK
Nobie,Musicka,30-06-1989,18,Male,6010 Hauk Drive,FL
Dena,Sydry,15-01-1990,,Female,436 Knutson Way,TN
Way,Brogini,27-07-1975,,Male,08856 5th Place,AZ
Sibella,Simpkins,17-08-1971,,Female,30 Shasta Center,DC
Nikola,Kay,11-06-1989,15,Male,4305 Haas Court,WA
Rana,Gowthrop,19-09-1996,,Female,729 Farragut Circle,CO
Hope,Harfleet,18-02-1997,,Female,41 Wayridge Pass,WA
Farley,Choake,23-06-1999,67,Male,2 Warner Trail,NE
Tome,Berthot,04-06-1973,,Male,47 Sauthoff Point,MI
Silas,Witts,13-06-2008,,Male,203 Meadow Valley Hill,CO
Ogdan,Robertsen,07-09-1961,,Male,15820 Merry Crossing,TX
Maisie,Silkston,17-11-2003,,Female,7 Fair Oaks Way,TX
Kate,Camilleri,13-01-1981,,Female,0161 Fairfield Pass,IL
Camella,Westwick,18-06-1957,62,Female,57880 Burrows Circle,IN
Jonathan,Rhodef,07-03-1953,,Male,0 Jenna Hill,CA
Josiah,Cruz,17-08-1972,65,Male,2 Reinke Drive,OH
Umberto,Biggerdike,17-08-1959,62,Male,02994 Nancy Alley,MO
Ax,Pringour,21-03-1963,18,Male,69 Welch Park,MA
Alick,Moreno,30-10-1999,,Male,4291 Eggendart Alley,FL
Konstantin,Molineux,05-05-1978,,Male,95229 Carpenter Trail,AL
Ameline,Bluschke,18-08-2003,,Female,2 Marquette Center,NY
Vernen,Mapledorum,23-04-1962,66,Male,2896 Pankratz Center,GA
Desirae,Geane,18-01-2009,58,Female,9 Homewood Court,MO
Inglebert,Fackrell,27-06-1996,,Male,4842 Orin Parkway,VT
Maud,Deave,16-07-2001,,Female,8 Grasskamp Junction,MD
Carry,Bassom,05-07-1988,,Female,78433 Roxbury Trail,SC
Dallas,Bosman,07-04-2000,,Male,0309 Tomscot Pass,WV
Cornelle,Goulding,12-03-1985,,Female,34501 Beilfuss Road,NY
Torie,Van Giffen,21-03-1966,,Female,43 Maple Court,TX
Bartel,Debenham,01-02-2002,30,Male,6934 4th Trail,AL
Rufe,Clyant,28-11-2001,36,Male,0 Parkside Drive,TX
Franky,Muldoon,05-02-1993,,Male,04 Hallows Terrace,OH
Hersch,Scoterbosh,14-03-1957,20,Male,9 Vernon Drive,ID
Farrel,Reye,21-12-1977,71,Male,5 Rowland Lane,OK
Mike,Versey,15-01-1957,16,Male,6762 David Crossing,AR
Jewel,Andover,25-09-1973,,Female,840 Goodland Pass,CA
Huntley,Dallicott,25-06-2005,61,Male,857 Russell Point,PA
Robin,Baulcombe,13-11-1950,,Female,07 Hudson Road,CA
Beth,Hebditch,31-05-1985,,Female,879 Washington Way,LA
Yoko,Antliff,06-01-1957,,Female,33 Lake View Street,NC
Chelsey,Rakestraw,06-10-1959,,Female,4 Maple Lane,IN
Bordie,Pfaffel,01-11-1990,,Male,5727 Shelley Court,TX
Rochester,Hixson,17-06-2008,,Male,8 Drewry Avenue,PA
Babs,Isitt,08-05-1979,70,Female,8427 Vermont Junction,SC
Brendon,Gorst,23-07-1970,,Male,4 Mcbride Park,MA
Clementina,Spleving,27-06-1983,24,Female,8 Kropf Alley,TX
Jorge,McFadyen,06-08-1967,,Male,4643 Judy Court,IL
Krissy,Cheyenne,19-02-1996,57,Female,55214 Claremont Pass,FL
Loren,Klimpt,21-06-1998,,Female,4 Farwell Hill,AL
Emmalynn,Haddrill,05-11-1988,,Female,7126 Troy Pass,SC
Jada,Sewley,12-08-1968,62,Female,552 Meadow Valley Circle,MI
Ellerey,Tully,12-02-1985,19,Male,7649 Lunder Court,CA
Fabien,MacCroary,05-01-1951,17,Male,66875 Gale Alley,MN
Lulita,Kershaw,24-08-1957,,Female,028 Carberry Lane,OK
Blondy,Taillard,11-12-1950,,Female,12913 Sauthoff Parkway,IL
Ariela,Yaldren,16-03-1951,34,Female,79 Mccormick Way,VA
Rea,Simkiss,25-02-1952,,Female,78794 Tony Hill,IN
Neysa,Friar,11-05-1976,,Female,412 Toban Trail,NJ
Tome,MacAndrew,29-10-1960,45,Male,34047 Dexter Way,PA
Letta,Lohoar,22-03-1979,59,Female,72361 Carioca Crossing,TX
Jodie,Whittington,25-01-1961,75,Female,7 Sloan Drive,CA
Gene,Tiplady,18-02-1957,75,Male,693 Beilfuss Street,IN
Armand,Vinten,05-02-1958,,Male,2512 Sutteridge Crossing,TX
Phillie,Caines,31-08-1999,55,Female,4023 Hagan Place,MN
Burg,Wharrier,11-08-1992,56,Male,28444 Onsgard Trail,NE
Bink,Weddeburn - Scrimgeour,03-02-1992,73,Male,93317 Debra Avenue,IN
Ewart,Kinkaid,06-07-1991,,Male,58069 Summit Park,DC
Lexy,Evequot,01-12-1950,,Female,45 Mitchell Point,MN
Scott,Piggrem,05-12-1984,15,Male,6 Karstens Terrace,SC
Fredelia,Pargeter,26-05-1955,,Female,8388 Twin Pines Avenue,FL
Margie,Surr,19-03-1969,36,Female,8 Roxbury Junction,MI
Kincaid,Bortoli,21-07-1979,,Male,56431 Duke Trail,AL
Dannie,Gierardi,18-03-1951,,Male,2 Corscot Plaza,CO
Bron,Britland,04-02-2001,,Male,3160 8th Crossing,VA
Mick,Fright,03-07-1992,60,Male,3401 Debra Street,NY
Marmaduke,Cardenosa,05-08-2007,23,Male,94799 Thompson Street,TX
Aristotle,Beldan,04-11-1994,74,Male,0361 Messerschmidt Point,CA
Sharona,Dedon,11-08-1960,32,Female,1744 Cherokee Parkway,NV
Sisile,Bratchell,25-03-1967,18,Female,05 Dixon Drive,AR
Klarrisa,Kingsnorth,22-12-1962,,Female,9 Fulton Pass,CA
Oralia,Fomichyov,14-05-1984,34,Female,5 Amoth Crossing,FL
Brit,Covington,21-08-1969,,Male,3144 Schurz Plaza,NY
Micah,Casaccio,13-05-1997,,Male,03 Blaine Circle,WA
Renie,Strongitharm,16-09-1988,,Female,33 Ilene Street,FL
Vince,Darrel,10-06-1993,60,Male,5 Victoria Park,MO
Gretchen,Heinish,16-07-1977,17,Female,5 Tony Court,TX
Garv,Pickthorne,19-08-1988,39,Male,3 Esker Crossing,MD
Jonas,Lieber,13-12-1982,18,Male,57877 Messerschmidt Park,VA
Woodrow,Phin,24-03-1982,,Male,4190 Roth Center,CA
Wallache,McAughtry,02-05-2004,,Male,751 Carioca Road,GA
Pattie,Whenman,22-06-1986,48,Female,13 Sugar Plaza,PA
Ransell,Quilty,16-06-1999,,Male,90259 Delladonna Center,WV
Aleece,Cabrara,03-07-1955,,Female,61 Derek Pass,DC
Phedra,D'Agostini,25-06-1970,23,Female,935 Mifflin Pass,NY
Ludovico,Gornar,18-10-2007,71,Male,80 Swallow Drive,NY
Killian,Ballintime,22-09-2001,,Male,0891 Dorton Terrace,VA
Isabelle,Birdwhistle,17-05-2001,42,Female,7264 Packers Avenue,SC
Jeane,Benz,05-03-1982,15,Female,75 High Crossing Avenue,PA
Nevins,Hubbock,16-06-1956,,Male,5 Golf Course Court,CA
Nora,Bridle,29-06-1977,,Female,01617 Caliangt Crossing,OH
Felita,Pennone,21-11-1967,,Female,1594 Bowman Crossing,IL
Maggee,Bygott,26-11-1961,56,Female,6 Killdeer Junction,VA
Aube,McWilliam,27-05-1955,39,Male,226 Welch Terrace,CA
Elenore,Bikker,15-06-2008,15,Female,215 Homewood Place,NY
Birgitta,Lowcock,26-09-1951,42,Female,2800 North Pass,CA
Cleveland,Stonestreet,07-03-1959,,Male,50099 Fremont Road,FL
Alonso,Clethro,07-03-1976,25,Male,849 Morrow Alley,VA
Kessiah,Kohlerman,14-06-1951,54,Female,771 Little Fleur Avenue,CA
Farlay,Muspratt,25-04-1979,,Male,30 Fordem Court,FL
Monte,Heiton,04-02-1954,,Male,124 Fordem Alley,PA
Waylen,Gilleson,13-05-1956,42,Male,766 Logan Crossing,CA
Trix,Propper,08-04-2002,,Female,4 Anderson Avenue,IN
Lea,Philip,26-12-1956,57,Female,40232 Lawn Center,VA
Willem,De Gowe,05-05-1961,,Male,21345 Nova Way,TX
Rochella,Finnes,25-07-1980,,Female,69906 Heffernan Plaza,GA
Malinda,Mosley,20-12-1958,69,Female,2081 Dahle Trail,CA
Cicily,Rembrandt,09-05-1980,58,Female,1789 Novick Street,OH
Grady,Dorcey,10-08-1954,,Male,8 Maple Wood Park,OH
Kellina,Stolle,31-03-1987,68,Female,865 Cascade Court,OK
Paulo,Chessell,15-02-2010,,Male,29951 Kedzie Park,NY
Sadye,Bladge,23-02-1987,,Female,50 Lawn Point,MO
Gilburt,Sammon,20-10-1968,,Male,33 Helena Crossing,NJ
Imelda,Rexworthy,06-11-1979,35,Female,56 Clyde Gallagher Terrace,NY
Elysia,Pickavance,08-05-1988,,Female,92 Schmedeman Crossing,CO
Karola,Bayly,04-06-2000,49,Female,08 Heath Alley,LA
Dorita,Morrice,22-11-1993,,Female,147 Hagan Avenue,CA
Bev,Terron,26-10-1988,34,Male,0428 Moland Terrace,WV
Barny,Mawby,17-10-2006,59,Male,863 Corscot Junction,CA
Ogdon,Waddoups,17-04-1991,,Male,0111 Prentice Court,TX
Tove,Heber,01-09-1974,63,Female,27899 Fuller Crossing,NY
Dian,McGarvey,28-01-1994,57,Female,73 Cody Parkway,IN
Dominica,Fantham,21-11-1961,,Female,1 Brown Center,TX
Sonnie,Kemell,03-06-1953,,Male,2714 Goodland Center,CA
Jacquelin,Edinburough,12-11-1969,,Female,3153 Morning Drive,TX
Leoine,Mowatt,13-06-1995,,Female,615 Stoughton Plaza,WV
Puff,Saing,21-11-2009,,Male,6026 Harbort Trail,OK
Alice,Coste,26-08-1997,25,Female,90 Gina Way,CA
Roderich,Padillo,13-12-2005,,Male,32 Dwight Crossing,GA
Arliene,Lambswood,15-10-1995,,Female,9 Cody Road,CT
Any,Ede,11-01-1968,18,Male,20201 Anderson Parkway,IN
Katherina,Dryden,27-01-1992,,Female,10421 Magdeline Parkway,VA
Lynett,Willcot,22-01-2010,45,Female,6 Novick Street,PA
Zahara,Burstow,19-11-2003,24,Female,463 Spohn Crossing,MA
Minerva,Pinwell,01-11-1998,33,Female,9512 Stoughton Court,GA
Corby,Gowenlock,01-11-1953,44,Male,4 Mitchell Hill,UT
Huntington,Hotchkin,16-01-2010,,Male,4827 Riverside Circle,GA
Ingmar,McCue,07-10-1984,,Male,57 Atwood Hill,MA
Harriot,Videler,16-12-1976,52,Female,9 Mandrake Plaza,OH
Ricca,Fountian,03-06-2003,,Female,3004 Arizona Terrace,OR
Charity,Eakin,28-08-1980,52,Female,3362 Moose Drive,KS
Kara,Totton,12-06-2007,39,Female,593 Karstens Court,IA
Bondie,Benz,03-04-1991,,Male,456 Steensland Circle,CA
Glynnis,Gager,19-09-1991,16,Female,1607 Roxbury Trail,TX
Angil,Northfield,25-08-2005,,Female,7726 Briar Crest Way,CA
Nicko,Attwood,12-08-1951,,Male,13582 Debra Center,WI
Margeaux,Measor,09-05-1962,,Female,031 Mccormick Avenue,TN
Sayer,McKennan,04-01-2002,37,Male,7306 Raven Parkway,NY
Dinnie,Gogerty,24-02-1985,,Female,72444 Summerview Street,LA
Valle,Birkin,02-04-1956,,Male,9 Crowley Place,TX
Jerrilee,Farry,10-06-1952,,Female,354 Dorton Lane,KY
Devonne,Bennitt,05-09-1968,,Female,1950 Mallard Trail,CA
Maxy,Ely,07-02-1964,59,Male,09 Canary Road,AR
Briggs,Parffrey,12-08-2006,,Male,90 Gateway Terrace,PA
Roselia,McGovern,23-07-2008,,Female,402 Crest Line Circle,CT
Viva,Hinstock,10-02-1960,,Female,3171 Longview Pass,NC
Barr,Airth,25-09-1955,,Male,7302 Katie Point,TX
Malva,Koene,25-01-1978,,Female,30 Summit Point,AL
Kippy,Nix,21-08-1992,,Female,2 Dryden Street,DC
Rosmunda,Weatherby,17-04-1976,,Female,711 Norway Maple Road,CA
Yvette,Pengelley,10-10-1992,69,Female,39 Fallview Trail,CO
Frederich,Mutch,07-02-2009,,Male,03447 Mandrake Circle,AL
Arlyne,Herreran,18-01-1999,44,Female,93 Washington Way,VA
Isaiah,Barenski,05-07-1980,35,Male,35 Hintze Court,NY
Desiri,Norley,12-02-1970,,Female,1 New Castle Circle,NH
Cchaddie,Sleit,30-05-2000,36,Male,25 Village Pass,CT
Karalynn,Abbate,17-04-1963,,Female,8182 Memorial Court,AL
Fitzgerald,Purvess,22-03-1964,68,Male,644 Hagan Plaza,IL
Flossi,Bartram,14-08-1951,70,Female,947 Mesta Point,WV
Alexi,Sharpe,21-10-1952,,Female,1577 Mccormick Place,OR
Sheilakathryn,Cunde,14-11-2005,43,Female,70399 School Alley,AZ
Pascale,Pellew,03-12-1970,54,Male,971 Moulton Park,IN
Hamil,McGregor,24-08-1993,,Male,3462 Longview Trail,CT
Fionna,Werrilow,10-09-1955,17,Female,675 Algoma Park,NY
Nikoletta,Norman,13-10-1994,59,Female,07608 Forest Dale Drive,LA
Liuka,Capewell,25-12-1987,16,Female,786 Carpenter Road,OH
Elspeth,Tivolier,29-10-1962,,Female,99113 Grover Park,CO
Arvy,Clute,25-01-2003,,Male,140 Lunder Plaza,CO
Stanfield,Onn,23-03-2006,34,Male,15 Spaight Park,CA
Clarice,Asmus,09-11-1979,21,Female,87 Lillian Pass,VA
Shannan,Tallach,12-07-2006,,Male,974 Hanover Drive,WI
Clarita,McDaid,23-03-1996,33,Female,7484 Lillian Junction,OH
Susy,Carnew,10-03-1955,,Female,2 Carioca Avenue,AL
Rufe,Gavriel,26-04-1954,69,Male,6 Forest Run Lane,TN
Cherilynn,Wedlock,31-12-2004,,Female,6 Hintze Pass,NC
Karna,Gyurko,27-06-1985,,Female,59 Oriole Way,FL
Brigham,MacRitchie,27-11-1964,,Male,6 Hanson Pass,OH
Cecilia,Batchelder,07-09-1982,31,Female,7 Stone Corner Trail,MA
Roseanna,Corzor,04-08-1960,,Female,1 Karstens Trail,CA
Cassandra,Cartin,21-05-2009,23,Female,56845 Sundown Road,KY
Virgina,Chatterton,03-02-1998,,Female,18 Granby Center,NM
Aridatha,Ogers,20-11-2007,72,Female,0305 Northwestern Park,AL
Yank,Colleer,05-09-1984,31,Male,4557 Merrick Plaza,OK
Rora,Rannigan,23-05-1983,23,Female,873 Caliangt Crossing,DC
Dodi,Uff,22-10-2004,68,Female,680 Birchwood Point,WA
Moselle,Trounson,17-08-2010,54,Female,75390 Redwing Avenue,OH
Leone,Wallenger,10-12-2009,,Female,1539 Grover Crossing,CA
Merrielle,Witnall,23-09-1994,71,Female,9 Crest Line Center,CA
Andrei,Liddard,07-11-1997,23,Female,729 Brentwood Court,CO
Roma,Regus,02-09-1982,,Male,801 Brown Circle,VA
Waylan,Wheway,03-09-1977,72,Male,0 La Follette Drive,CA
Madelene,Meace,18-06-1973,34,Female,09409 Donald Place,TX
Karlie,Preene,11-07-1993,72,Female,5812 Shelley Way,UT
Emmett,Edgworth,30-08-1982,,Male,41040 Ohio Junction,CA
Daryn,Popple,16-09-1951,43,Female,841 Forest Run Road,GA
Sig,Nettleship,21-08-1953,,Male,8297 Prentice Drive,AL
Saunderson,Jakubowsky,13-03-1978,53,Male,10216 Bartillon Pass,IL
Gilbertina,Ascough,17-07-1975,,Female,34078 Monterey Road,SD
Loraine,Seviour,28-10-1988,,Female,9 Dayton Avenue,NY
Nadine,Portch,22-05-1956,,Female,00 Jackson Place,CA
Oberon,Peinke,21-06-2001,74,Male,202 Debra Place,GA
Gill,Everton,10-12-1978,31,Male,5 Portage Park,NV
Kimmy,Wasson,14-11-1956,,Female,01 Nelson Park,PA
Clayborne,Muspratt,12-09-1982,,Male,4 Monterey Road,MS
Kennan,Dran,29-08-2010,41,Male,10 Little Fleur Crossing,GA
Ibbie,Cawood,07-01-1972,,Female,1 West Terrace,CA
Kurt,Agnew,27-07-1958,,Male,4860 Village Terrace,PA
Gloria,McAlinion,04-02-1997,,Female,2 Granby Plaza,CA
Jessica,Fraczak,22-12-2001,,Female,826 Dixon Point,WA
Colan,Whitlam,09-11-1997,,Male,521 8th Court,MN
Nanete,Siney,08-10-1961,,Female,66 Mallory Alley,CA
Ellswerth,Simoneton,06-05-1993,60,Male,8274 Vernon Alley,NC
Eolanda,Krysztofiak,01-06-1967,57,Female,151 Sutherland Court,IN
Jerrine,McCleary,30-01-1956,,Female,8612 Park Meadow Road,FL
Richart,Keith,21-02-1981,50,Male,024 Hintze Court,KY
Lexine,Melhuish,09-05-1981,,Female,4762 Jenna Court,TX
Erminia,Dudderidge,31-08-2006,56,Female,9 Kensington Lane,NM
Archambault,Moring,05-08-2010,,Male,2976 Ruskin Circle,TX
Cosimo,Forsdyke,19-04-2008,,Male,908 Warrior Avenue,IA
Arnoldo,Oldall,22-09-1967,57,Male,60252 Chinook Court,UT
Britt,Jery,18-03-1978,24,Female,7916 Quincy Alley,NY
Edwin,Mance,07-06-2005,71,Male,75805 Dottie Drive,NY
Minette,La Batie,13-03-1955,31,Female,05998 Pearson Crossing,VA
Angie,Scamwell,08-10-1999,,Male,165 Tomscot Hill,OK
Jodi,Witherby,07-01-1953,,Female,40775 Crowley Plaza,CA
Isabelita,Bodocs,16-02-1958,,Female,81 Lotheville Terrace,TN
Vinita,Foister,28-05-1954,,Female,9811 Village Green Hill,PA
Kristina,Fendley,25-05-1998,,Female,8 Starling Point,FL
Jenn,Trebilcock,06-10-1952,,Female,986 Mcbride Hill,TX
Shannan,Kivell,23-08-1961,31,Male,14354 Sugar Pass,AL
Olivie,Creffeild,25-11-2006,46,Female,6 Monica Point,FL
Mabelle,Grimsell,13-09-2003,18,Female,1 Crownhardt Place,CO
Augustus,Bartczak,14-03-1977,34,Male,4 Elka Place,MA
Pyotr,Fairpool,30-05-1980,,Male,3 East Road,CA
Arlette,Wass,03-09-1974,,Female,7459 Center Center,OK
Powell,Clash,29-06-2007,,Male,3157 Messerschmidt Street,FL
Johannes,Jesty,17-10-1997,44,Male,867 Loeprich Terrace,FL
Darnell,Hayles,29-03-1970,60,Male,7 Duke Junction,AZ
Orrin,Reiglar,14-05-1970,,Male,386 Russell Court,TX
Thor,Tredgold,28-04-1970,,Male,48 Summit Place,FL
Mathian,McCartney,13-04-1963,32,Male,28222 Forster Drive,OH
Berti,Patterfield,27-08-2009,,Male,15 Jana Center,WA
Robby,Simonetti,29-10-1998,41,Male,92054 Jenna Parkway,CA
Gabby,Pack,01-02-1989,,Male,6 Jana Street,NY
Demetra,Atchly,17-04-1970,,Female,9320 Coleman Alley,FL
Terri,Uden,14-07-2010,73,Male,88194 Larry Center,FL
Priscella,Hebdon,22-12-1954,,Female,038 Talmadge Point,IL
Euell,O'Loghlen,13-09-1989,22,Male,6158 Dwight Alley,TX
Adan,Shemilt,29-11-1970,30,Male,9593 Coleman Street,PA
Ainsley,Gaytor,10-03-1977,,Female,86637 Colorado Parkway,MI
Emelda,Shilton,01-07-1999,68,Female,27 Crescent Oaks Road,CA
Stormi,Kennan,14-09-1996,42,Female,3 Crowley Trail,SD
Laird,Redmayne,20-05-1997,,Male,68 Green Ridge Drive,PA
Jana,Stroud,21-11-1985,68,Female,67193 Meadow Vale Junction,NC
Marcel,Gobbet,02-04-1960,,Male,36061 Butterfield Hill,TX
Kenton,Gittens,01-11-1974,,Male,5408 East Center,SC
Ruby,Kinnock,19-11-1989,,Male,78256 Bobwhite Alley,MN
Tanner,Cruttenden,23-10-1993,,Male,56 Meadow Vale Place,OH
Debora,Guiel,28-07-1975,,Female,71393 Ohio Drive,FL
Carey,Knowlys,26-09-1991,64,Male,35429 Saint Paul Drive,OH
Dyna,Welsby,02-04-1996,53,Female,81692 High Crossing Trail,FL
Noemi,McAllen,09-01-1992,36,Female,15 Nancy Alley,SC
Jacquelyn,Barchrameev,05-11-1996,,Female,9168 Vernon Alley,AZ
Micaela,Ormistone,05-02-2006,70,Female,376 Hollow Ridge Circle,PA
Casper,Stewart,07-03-1958,16,Male,10 Lakewood Hill,OK
Felicio,Rawsen,10-02-1972,,Male,5 Portage Parkway,MO
Lacy,Petyakov,01-10-2010,,Female,17 Hermina Point,FL
Baron,Gooden,17-02-1952,72,Male,3 Veith Junction,TX
Mason,Disley,26-10-2009,40,Male,8409 Glacier Hill Lane,GA
Jewelle,Yare,26-05-1977,,Female,83248 Fisk Hill,OH
Tanny,McBrady,31-01-1986,,Male,828 Esch Lane,FL
Joell,Aiers,25-05-1971,26,Female,580 Stoughton Pass,CA
Melonie,Arnhold,29-05-1987,18,Female,6909 Ohio Road,NC
Debi,Helleckas,08-08-1960,,Female,3161 Little Fleur Avenue,SC
Carol-jean,Exon,24-01-2007,,Female,70 Commercial Junction,CA
Vidovic,Mallia,13-07-1979,25,Male,5 High Crossing Plaza,OK
Serge,Basey,29-01-2009,34,Male,90 Grover Parkway,NY
Prudy,Busfield,05-03-1993,52,Female,1 Luster Crossing,NV
Cesya,Wehnerr,17-09-2000,,Female,029 Miller Park,IN
Jean,Wontner,23-05-1970,,Male,0621 Muir Court,TX
Shaylyn,Posnett,27-11-1967,,Female,1 Union Center,GA
Shannan,Goldhill,25-06-1991,,Male,5703 East Court,CA
Sascha,Bowering,08-01-2009,,Female,08 Pleasure Pass,NY
Tony,Belfelt,21-05-1983,75,Male,5426 Basil Crossing,NY
Raimundo,Lummus,26-08-2004,,Male,68 Jackson Terrace,CA
Lutero,Josskoviz,10-07-1970,16,Male,92 Ramsey Place,FL
Selig,Bondley,31-12-1997,,Male,4 Sycamore Junction,TX
Jorry,Deniske,24-08-1955,34,Female,707 Maywood Parkway,CA
Marcel,Kerbler,19-12-2007,,Male,18 Butterfield Plaza,ID
Eustace,Gehrts,08-02-2010,66,Male,36130 Laurel Terrace,TX
Jaine,McGiffin,12-12-1951,47,Female,9 Cascade Court,OH
Franklin,Vaillant,12-12-1956,33,Male,6038 Laurel Crossing,CA
Laural,Wellen,17-06-1973,25,Female,38 Roxbury Road,CA
Austine,O'Kerin,21-04-1962,,Female,2599 Mesta Road,IN
Leena,Colly,03-10-1985,,Female,6 Grover Hill,IN
Sean,Beard,03-01-1956,75,Male,04 Oxford Lane,PA
Garrott,Jennery,04-07-1956,34,Male,36044 Kennedy Crossing,TX
Robinson,Farington,17-09-1957,,Male,72223 Carberry Crossing,WI
Thedrick,Grono,14-09-1993,31,Male,625 Gerald Drive,MO
Suellen,Stride,30-07-1991,,Female,08 School Circle,MN
Tommie,McKall,09-09-1960,,Male,6513 Redwing Way,GA
Jeromy,Gare,14-02-1971,,Male,689 Sutteridge Circle,VA
Marcello,Liles,04-04-1995,,Male,1 Moland Crossing,MN
Leroi,Ahren,27-03-1984,46,Male,178 Towne Terrace,FL
Kinna,Blancowe,15-10-1975,,Female,769 Redwing Way,CO
Alon,Milier,20-08-2004,63,Male,78883 Hanover Alley,TX
Yul,Elsdon,21-07-1987,48,Male,67557 Marcy Trail,HI
Noellyn,Nicholson,22-07-1985,24,Female,79 Luster Center,NY
Rosabel,Coonan,18-11-1992,,Female,2 Forest Dale Center,TN
Jessamyn,Chapelle,16-11-1966,19,Female,8 Starling Circle,PA
Lennard,Blair,23-08-1984,,Male,8 Ryan Avenue,CA
Michael,Bennallck,19-10-1966,19,Male,579 Cambridge Hill,LA
Rabbi,O'Hickey,11-04-1965,,Male,09 Mcbride Parkway,NY
Kristoffer,Droogan,14-02-2009,63,Male,65049 Reinke Parkway,TX
Caryl,Vatcher,16-05-2009,71,Male,81082 Kipling Center,DC
Dom,McAvinchey,16-06-1990,,Male,2 Cascade Plaza,AL
Davine,Burleton,18-07-1977,,Female,98 Eastlawn Terrace,GA
Chrisy,Hails,28-10-1964,,Male,957 Old Shore Drive,DC
Tad,Lydiate,21-03-1993,,Male,13006 Monterey Road,MD
Nathan,Breydin,03-01-1960,29,Male,52 Loftsgordon Terrace,NC
Theadora,Nobriga,03-09-2010,51,Female,81355 Old Shore Hill,WV
Harley,Slott,07-11-1968,,Female,08 Holy Cross Trail,KY
Mair,Fransewich,09-02-1967,,Female,50469 Surrey Center,KS
Marie-ann,Kasperski,01-02-2003,47,Female,8 Grayhawk Circle,FL
Libbey,Prangnell,04-04-1960,20,Female,2 Moulton Lane,MA
Findley,Whiskerd,03-09-1982,,Male,9792 Main Park,UT
Dacey,Patemore,05-08-1976,56,Female,651 Loeprich Court,MI
Hershel,Crich,30-12-1954,52,Male,7 Londonderry Avenue,CA
Harrison,Barthram,07-05-1972,,Male,97317 Sauthoff Road,NV
Dennison,Coyte,04-10-1959,,Male,94 Hermina Way,NE
Kattie,Rikkard,12-09-1985,,Female,94531 Haas Crossing,FL
Gil,Wheeldon,17-12-1981,70,Male,21 Oak Valley Alley,AZ
Cyb,Aslum,04-02-2004,38,Female,390 Red Cloud Way,CA
Hermann,Lush,21-09-1981,,Male,9 Arapahoe Hill,TX
Jarrod,Semered,29-12-1972,32,Male,3330 Katie Junction,ND
Alyse,Stoving,16-02-2010,,Female,8 Grim Junction,TX
Malinda,Alldread,02-07-2002,,Female,07350 Sherman Trail,IN
Antons,Drieu,15-09-1972,24,Male,861 Talmadge Drive,CO
Sondra,Elgey,27-03-1953,,Female,87 Dakota Way,NY
Kamila,Croysdale,12-12-2008,,Female,5521 Almo Way,IL
Gherardo,Usherwood,03-11-1957,,Male,13 6th Pass,GA
Constancia,Bardnam,29-07-1955,,Female,863 David Point,TX
Pierson,Tweedlie,06-03-2007,,Male,66059 Bartillon Street,KY
Ransom,Shorto,15-08-1984,29,Male,034 Kedzie Trail,TX
Maisey,Jeppe,28-02-1971,33,Female,53 Glendale Street,TN
Courtenay,Gaskamp,15-03-2006,,Female,4 Quincy Pass,TX
Mariya,Wicks,06-10-1969,40,Female,6 Blue Bill Park Avenue,OH
Johnnie,Forryan,31-01-1985,62,Male,205 Fisk Hill,NH
Sayre,Cawsey,25-06-1986,,Female,3 Kim Point,NE
Packston,Dene,17-02-1955,48,Male,1092 Kinsman Pass,NY
Annabal,Ughini,13-05-1953,29,Female,261 Delaware Circle,KY
Henry,Fessler,17-07-1952,22,Male,146 Armistice Pass,NY
Ash,Worsnop,11-09-1970,,Male,36 Memorial Alley,GA
Cordie,Hagland,07-04-1967,16,Female,55 Dryden Road,NY
Rod,McKeran,08-03-1999,48,Male,0 Mayer Court,TX
Kathie,Joscelin,19-10-1996,,Female,4563 Maryland Hill,FL
Maureen,McArdle,14-04-1981,,Female,17107 Vernon Road,TX
Lela,Raoult,02-01-1990,28,Female,4 Corscot Junction,MA
Basile,De Lacey,10-10-1980,72,Male,47 Eagle Crest Lane,NY
Gayle,Mulvagh,18-08-1990,,Male,170 Melody Lane,GA
Ellene,Andrasch,27-01-1979,,Female,9373 Rigney Court,FL
Cam,Otter,05-11-1977,65,Female,85167 Sheridan Drive,NY
Hilde,Innot,26-04-1963,,Female,3148 Novick Road,OH
Marylinda,Reuter,14-11-2009,25,Female,7 Declaration Avenue,AL
Min,Gollin,14-05-1981,34,Female,876 Canary Lane,TX
Rowney,Gowrich,01-01-1955,,Male,535 Columbus Street,KY
Kate,Tunnock,27-08-2004,37,Female,7461 Boyd Drive,TX
Blinnie,Tourner,14-08-1995,30,Female,67 Arizona Trail,OH
Rafferty,Burleigh,02-07-1965,,Male,963 Schlimgen Crossing,TX
Kameko,Chmarny,03-04-1959,57,Female,4 Namekagon Center,CA
Wally,Capp,13-07-1992,24,Female,28 Independence Circle,NV
Anselma,Guyton,13-03-2008,,Female,135 Green Ridge Hill,PA
Dacy,Peddar,01-03-1960,34,Female,5571 Leroy Park,AK
Candy,Jiranek,28-12-1991,,Female,87605 Eggendart Junction,CO
Courtney,Axcel,24-06-1964,,Female,65 Park Meadow Parkway,FL
Anitra,Doherty,23-03-1962,36,Female,188 Donald Court,VA
Aidan,Mizzi,11-12-1966,60,Female,1289 Ohio Center,AZ
Lynn,Ianinotti,28-04-1988,68,Female,128 Fair Oaks Avenue,OH
Berri,Sneath,03-05-1974,44,Female,06791 Schmedeman Pass,TX
Gusty,Coursor,02-04-1952,70,Female,4970 Anzinger Drive,IL
Kennan,Bembrigg,06-11-1951,63,Male,45952 Scoville Crossing,CA
Nels,Bourthouloume,14-01-1965,,Male,763 Center Crossing,MN
Hughie,St. Leger,24-12-1963,51,Male,02425 Dahle Crossing,TX
Caroljean,Heifer,19-03-1998,,Female,38638 Drewry Parkway,CA
Julio,Gyver,04-12-1982,,Male,0 Park Meadow Road,TX
Travis,Pirazzi,17-05-1973,30,Male,545 Monica Place,CA
Zarah,Dalgliesh,29-08-2001,,Female,45 Kings Place,PA
Wilmer,Pitceathly,24-02-2008,,Male,8696 Bluestem Alley,MN
Byrle,Tole,17-01-1978,37,Male,62155 Delaware Circle,DC
Marietta,Rebeiro,08-10-1971,,Female,3 Clove Court,KS
Sissy,Filipson,16-06-1959,46,Female,00476 Mariners Cove Center,CO
Sheppard,Burling,27-12-1996,,Male,18 Oriole Junction,DC
Alta,Comins,21-11-1950,46,Female,386 Brentwood Court,IN
Jan,Wetheril,28-04-1957,33,Male,477 Burning Wood Junction,OH
Brunhilda,Guwer,02-06-1996,,Female,44420 Straubel Terrace,CO
Tiphany,Mould,09-05-1970,,Female,31 Surrey Drive,FL
Blanch,Silberschatz,20-09-2006,33,Female,92 Main Place,NY
Chery,Eldrett,13-11-1987,,Female,59 Farragut Point,PA
Anatollo,Wadeling,26-07-1958,,Male,71 Melby Alley,KY
Sheelah,Bultitude,02-06-1980,50,Female,233 Rockefeller Way,NY
Valaree,Sneller,15-01-1986,48,Female,85 Doe Crossing Lane,IL
Floyd,Norcock,07-08-1967,55,Male,7 Farragut Point,TX
Brina,Linnock,01-08-1992,,Female,8 Blue Bill Park Avenue,OK
Kerwinn,Ingleby,30-01-1951,,Male,3830 Brentwood Point,IL
Hermon,Philipsson,12-04-1982,,Male,0 Mosinee Circle,NY
Aila,Reeson,30-07-1969,,Female,90 Ronald Regan Alley,WA
Alix,Suatt,10-11-1987,,Male,537 Surrey Circle,DC
Gabrila,Jephcote,29-09-1971,,Female,2 Village Green Avenue,UT
Leonora,Barnby,05-04-2009,53,Female,40543 School Plaza,PA
Sly,Reeday,21-07-1989,37,Male,5739 American Junction,IN
Thornton,Lingwood,18-06-1957,20,Male,24 Montana Crossing,TX
Cherye,Smithend,20-01-1970,,Female,90850 Marquette Way,TN
Shoshanna,Doge,12-11-2002,73,Female,55 Sutherland Park,MI
Fin,Joannidi,10-05-1996,,Male,32648 Shoshone Place,MA
Alika,Kitteridge,10-12-2001,,Female,92 Straubel Alley,DC
Friederike,McGillivray,28-07-1973,,Female,82929 Merrick Hill,PA
Uri,Jeffryes,03-04-1960,66,Male,16 Randy Point,VA
Zonda,St. Queintain,18-05-1961,48,Female,504 Sugar Pass,CA
Tait,Tilbrook,26-11-1996,57,Male,0 Moulton Junction,PA
Warden,Lourenco,12-06-1973,43,Male,9 Continental Way,FL
Niel,Schutte,03-12-2000,,Male,092 Warbler Junction,NY
Bordy,Cullin,02-03-1963,,Male,02667 Ridgeview Parkway,PA
Lyman,Bartolomeazzi,28-05-1962,33,Male,31 Straubel Avenue,NY
Smith,Baiden,12-11-1975,,Male,56817 Gerald Crossing,TX
Gisele,Litster,12-09-1981,,Female,942 Thierer Street,FL
Aldin,Moger,16-12-1959,32,Male,30854 Mandrake Court,PA
Lanny,Cove,18-04-1992,61,Male,14753 Hudson Hill,TX
Juliette,Crollman,17-11-1987,73,Female,83 Pearson Court,NC
Olivie,Linkleter,15-07-1972,43,Female,64490 Kinsman Terrace,AZ
Adan,Greaterex,01-09-1989,65,Female,3 Sheridan Place,FL
Jarret,Odom,16-10-2000,41,Male,02031 Dahle Place,CA
Torie,Bifield,03-01-2007,38,Female,07 Hazelcrest Court,NC
Naomi,Duckers,05-07-1954,62,Female,75 Hanover Point,NC
Rockie,Monks,31-01-1995,,Male,02 Autumn Leaf Center,CA
Lydon,Jentzsch,28-06-1991,39,Male,20 Sutteridge Lane,CO
Blakeley,Buche,22-07-1957,,Female,758 Oxford Court,NY
Tedie,Feasby,16-09-1997,,Male,52 Thackeray Circle,NY
Gabie,Emlin,12-10-1973,60,Female,21676 Forest Lane,CO
Tamera,Keenlayside,25-06-2002,,Female,554 Londonderry Drive,PA
Gallard,Melsom,07-05-1996,16,Male,1 Sauthoff Point,NC
Georgianna,McAllan,13-09-1961,34,Female,759 Lake View Alley,VA
Gayleen,Smurthwaite,12-03-1961,,Female,871 Grim Trail,CA
Barth,Couthard,13-06-2001,,Male,737 Magdeline Street,NC
Rafaellle,Feaveer,30-01-1975,61,Male,94332 Raven Crossing,WV
Wendy,Poytres,28-10-1956,63,Female,9821 Old Gate Road,IN
Drucy,Phinn,28-08-2000,,Female,656 La Follette Alley,AL
Nickolas,Testo,14-11-2003,,Male,6 Springview Park,MO
Byran,Farman,03-11-1969,62,Male,49325 Eggendart Junction,NJ
Peria,Rodman,22-07-1977,,Female,670 Reindahl Park,FL
Gerrie,Setterington,27-10-1972,51,Male,187 Schiller Hill,DC
Steffie,Ilymanov,10-03-1984,29,Female,0685 Rutledge Pass,FL
Gennifer,Ravenshear,10-04-1963,72,Female,50 Trailsway Way,FL
Richart,Gheeraert,08-07-1966,53,Male,69416 Sherman Trail,OR
Robers,Andersch,29-08-1995,,Male,07 Forster Court,TX
Ann-marie,Bingall,22-06-1972,45,Female,431 Farmco Pass,GA
Milicent,McComiskie,08-01-1963,,Female,56 Armistice Terrace,CA
Costa,Kembry,07-10-2008,,Male,85238 Tomscot Drive,CA
Sidoney,Endricci,26-12-1990,,Female,6 Forest Court,WI
Teressa,Bister,12-11-1998,,Female,75 Lotheville Parkway,OR
Gabriel,Tooker,01-02-1956,,Male,0421 West Place,WA
Kane,Van Salzberger,18-09-2010,,Male,15190 Washington Park,NY
Clareta,Hall,03-02-1957,17,Female,56 Sommers Park,TX
Michelle,Dobkin,01-01-1969,56,Female,8 Vermont Trail,CA
Coralie,Fitzsimons,24-03-1981,21,Female,34 Anhalt Park,TX
Bethanne,Middlewick,16-12-1980,,Female,77390 Vermont Avenue,AL
Jasun,Girth,10-11-1985,,Male,361 Meadow Ridge Crossing,WA
Rosina,Olfert,11-09-1956,,Female,47150 Clyde Gallagher Terrace,CO
Verney,Camis,07-05-1976,68,Male,19 Muir Parkway,NE
Bartolomeo,Gyrgorwicx,19-03-1951,59,Male,8130 Linden Terrace,FL
Trixi,Signorelli,13-09-1981,,Female,033 Mitchell Court,FL
Bat,Ambrozik,11-11-1985,,Male,07417 Kinsman Trail,WI
Eziechiele,Eivers,24-06-1970,65,Male,8 Mcbride Terrace,MA
Amby,Thompson,26-08-1959,45,Male,8 Granby Lane,TN
Elia,Brockbank,26-09-1979,,Male,8990 Springview Plaza,IL
Ralina,Praton,02-10-1969,44,Female,725 Fisk Plaza,CO
Noah,Berzons,06-05-2000,,Male,647 Starling Circle,CO
Gnni,Mirrlees,25-06-1977,60,Female,7 Gina Plaza,PA
Patsy,MacHoste,02-05-1978,,Female,731 Northland Alley,FL
Lindon,Roullier,29-06-1979,47,Male,2339 Porter Pass,VA
Wilfred,Eltun,05-09-1953,,Male,5271 Moose Plaza,OR
Vitia,Meddings,03-05-1976,,Female,8273 Bashford Court,NV
Austen,Christal,25-04-1958,,Male,71 Thierer Center,PA
Jessee,Blankett,24-06-1980,,Male,0 Ridge Oak Hill,GA
Winny,Pellington,10-04-1971,63,Female,98 Maple Wood Way,TX
Maire,Sawtell,01-05-1988,,Female,91 Main Lane,KY
Justino,Paszek,12-08-1961,,Male,7552 Hoffman Court,OH
Gareth,Cicco,30-04-1989,,Male,501 Westend Park,NY
Lynnea,Zink,01-07-1996,40,Female,56 Golf Center,FL
Belle,Macauley,19-06-1991,,Female,308 Farmco Hill,CA
Hobie,Rootes,24-04-1983,33,Male,05 Scott Street,LA
Tamar,Silber,27-08-2006,,Female,37 Division Road,CA
Katrina,Tooby,28-12-1979,,Female,56106 Lighthouse Bay Terrace,FL
Clive,Keach,30-10-1952,42,Male,43970 Ludington Circle,CA
Alyssa,Bruckner,11-09-2000,69,Female,7445 Express Lane,DC
Christi,McKew,13-08-1973,59,Female,05 Schmedeman Drive,TX
Cindie,Ricci,30-01-2001,,Female,3441 Lien Trail,TX
Em,Wheatley,17-04-1962,47,Male,71 Holmberg Junction,FL
Eugenio,McCarron,09-01-1953,57,Male,313 Doe Crossing Junction,TX
Moshe,Tunaclift,06-12-1997,19,Male,52 Cody Trail,WI
Stan,O'Glassane,01-06-2007,,Male,3 Sundown Center,TX
Micky,Lally,05-05-2005,42,Male,53 Kim Pass,FL
Alyda,McEwen,07-07-2002,65,Female,01 Kinsman Trail,FL
Keelia,Canada,16-07-1954,,Female,3210 Upham Parkway,FL
Loutitia,Arkil,10-11-2003,,Female,4454 Dorton Junction,TX
Vasili,Chance,16-05-1974,18,Male,6 Garrison Trail,NY
Genevieve,Tomaskunas,25-04-1969,28,Female,492 Longview Crossing,TX
Viola,Brown,08-10-1997,71,Female,2 Shelley Parkway,IL
Gaile,Doggett,19-10-1952,,Male,5102 Warrior Court,TX
Archibold,Stringer,18-10-1969,,Male,43 Haas Road,TX
Paul,Moraleda,17-12-1992,41,Male,6 Bartelt Crossing,CA
Guillaume,Skelding,06-04-2010,31,Male,013 Thierer Point,TX
Bethanne,Guerner,21-08-1997,16,Female,3505 Hudson Trail,FL
Paddie,Curreen,28-04-1981,52,Male,5261 Bay Point,AZ
Dannel,Redmond,11-03-2010,,Male,68217 Clemons Center,TX
Charmion,Gilffilland,07-05-1984,38,Female,6945 Dapin Trail,NY
Corenda,Joules,18-04-1971,20,Female,03426 Dennis Place,IN
Leanna,Chill,26-02-2001,54,Female,233 Loeprich Street,OR
Richmound,Dunlea,08-09-1966,33,Male,2 Rieder Way,IN
Karney,Okenden,24-01-2007,,Male,2661 Hansons Hill,NY
Veronike,Yalden,20-03-1967,,Female,29841 Northridge Way,MD
Christoforo,Zanioletti,29-05-2000,,Male,59 Lighthouse Bay Parkway,LA
Lindie,Beelby,16-06-2007,53,Female,9087 Havey Parkway,DC
Abdel,Haxley,25-08-1997,,Male,6455 Burrows Pass,TX
Anson,Englishby,29-06-1973,,Male,610 Blaine Center,IN
Tobe,Tapsfield,29-06-2000,,Male,7561 Grim Court,DC
Leesa,Rotchell,17-06-1963,,Female,9932 Stone Corner Terrace,DC
Lita,Maken,30-04-2004,24,Female,232 New Castle Avenue,NJ
Jodie,Benbow,10-08-1995,,Male,56092 Stang Avenue,WI
Gilberto,Biffin,15-01-2010,58,Male,88 4th Lane,NC
Caleb,Constable,19-07-1985,40,Male,05891 Grasskamp Trail,TX
Rubetta,Ratazzi,16-01-2005,,Female,84168 Roxbury Parkway,IL
Cosmo,Samter,25-09-1954,,Male,28514 Calypso Circle,AZ
Dara,Josovich,31-07-1975,36,Female,1 Carey Circle,DC
Merlina,McEntagart,01-02-1958,,Female,8 Sycamore Junction,VA
Hamlin,Jeavon,10-03-1982,27,Male,8 South Point,CA
Ingrim,Toe,09-08-2000,55,Male,2 Eggendart Street,DC
Jase,Cathee,05-12-1997,,Male,49 Sunfield Street,KS
Corly,Rolfini,30-06-1977,34,Female,3357 Walton Trail,WA
Kelsey,Bodega,22-10-2010,39,Female,3 Dunning Place,CA
Corena,Blamires,23-07-1962,47,Female,35664 Reinke Pass,LA
Tommie,Reinisch,23-06-1969,55,Female,1 Debs Alley,NY
Rourke,Madsen,19-12-1994,42,Male,65509 Southridge Lane,NY
Philly,Chainey,15-04-1959,24,Female,8757 Schmedeman Parkway,TX
Haydon,Willcott,02-09-1960,,Male,9218 Sachs Point,NM
Theodoric,Dymond,05-05-1984,73,Male,58 Westridge Terrace,CA
Hymie,Mackin,12-09-1963,26,Male,825 Eagan Alley,GA
Mikkel,Duiguid,27-01-1999,26,Male,69861 Hoffman Center,SC
Arnie,Jiran,01-01-1955,67,Male,4233 Corscot Avenue,KY
Cathie,Fedoronko,03-10-1968,31,Female,78 Carey Pass,FL
Hailey,Alderman,11-03-2006,44,Male,43914 Paget Crossing,OR
Frannie,Rourke,29-12-1988,54,Male,6472 5th Hill,IL
Cecile,Greenard,07-04-1975,,Female,62041 Fordem Junction,MI
Charmane,Geekie,31-03-1962,45,Female,3 Arapahoe Trail,CT
Shir,Prinne,08-08-1980,,Female,28 Old Gate Place,TN
Elsa,Glasscock,06-11-1966,,Female,66745 Lake View Hill,MN
Delmer,McKeown,22-11-1965,,Male,3791 Doe Crossing Circle,KY
Gerrie,Nannini,05-02-1971,,Female,74133 Bashford Trail,NJ
Saxon,Rodbourne,13-04-1969,,Male,2 Sloan Terrace,MN
Harlie,Henfre,03-02-1962,,Female,90392 Corben Road,CA
Nils,Konneke,05-08-1987,,Male,0 Fair Oaks Hill,ME
Konstantine,Dukes,07-01-1952,32,Male,5 Scoville Way,TX
Shea,Poundford,15-11-1974,,Male,35361 Elka Road,OK
Jewell,Brennenstuhl,06-10-2000,41,Female,04 American Crossing,TX
Taber,Rudledge,24-04-1973,,Male,3182 Luster Avenue,CA
Waite,Weber,09-07-1979,,Male,29 Superior Avenue,IL
Constantino,Atack,27-06-2007,20,Male,41 Transport Place,FL
Mellisa,Micklem,25-10-1966,56,Female,027 Monterey Crossing,KY
Tobye,Dury,11-05-2010,,Female,93630 Bayside Alley,NY
Jo ann,Pitkins,12-09-1993,59,Female,42790 Arapahoe Center,OK
Tann,Sinott,23-11-1976,,Male,194 Loomis Point,TX
Danya,Dmtrovic,20-04-1975,52,Male,8467 Katie Way,CA
Barr,Basford,19-02-2001,,Male,2 Amoth Park,IL
Geoff,Castleton,03-11-1970,,Male,5 Tomscot Place,MN
Camellia,Pydcock,21-08-1978,74,Female,20 Armistice Lane,CA
Niles,Wornum,16-04-1983,75,Male,2 6th Avenue,FL
Malchy,Capelin,17-10-1994,28,Male,8 Little Fleur Terrace,FL
Michel,Frood,04-12-1985,35,Male,4 Jenna Avenue,DC
Becka,Van T'Hoog,01-08-1989,67,Female,3398 Mandrake Circle,FL
Tim,MacGahy,23-09-1981,,Male,654 Pepper Wood Center,KS
Cal,Hurleston,06-10-1968,,Male,5263 Graedel Lane,DC
Ranique,Oliveti,31-07-2000,39,Female,95210 Northwestern Center,GA
Killian,Bridgeland,10-09-1969,,Male,0384 Debra Avenue,MA
Mollee,Ferry,30-10-1968,,Female,362 Barnett Court,NM
Sheffie,Androletti,29-01-1979,,Male,219 Sutteridge Point,DC
Candida,Martusewicz,28-06-1963,,Female,4722 Lukken Avenue,MA
Randene,Mordecai,04-07-1991,42,Female,12 Memorial Road,VA
Rouvin,Goodrum,18-03-1989,48,Male,3021 Bowman Trail,MI
Fara,Bengough,09-04-1983,,Female,0 Westridge Center,DC
Eliza,Helstrom,02-11-1985,,Female,3 Charing Cross Circle,IN
Dorry,Kropach,24-02-1957,,Female,573 Huxley Parkway,TX
Giustino,Verillo,08-06-1983,,Male,38589 Melody Junction,FL
Noelani,Vallintine,23-08-1988,,Female,97703 Glacier Hill Place,MA
Dian,Stollmeier,13-01-1961,61,Female,6842 3rd Way,TX
Korrie,Grabban,04-09-1968,66,Female,963 Becker Avenue,CA
Dickie,Kryszkiecicz,06-11-2004,,Male,4 Knutson Junction,TX
Kenn,Brownlow,04-12-2008,,Male,82 Muir Circle,PA
Tudor,Duckerin,20-03-2006,,Male,15167 Farragut Center,AL
Delia,Stevings,15-05-1967,,Female,2106 Village Avenue,NJ
Erastus,Gillet,18-06-1980,,Male,240 Monument Trail,NC
Chadd,Mushart,13-10-1953,60,Male,100 Elka Place,PA
Gery,Tebbit,05-01-1958,34,Male,2 Starling Park,AZ
Sarina,Branston,14-11-1961,36,Female,57 Tony Park,CA
Austin,Gashion,26-07-1970,16,Female,88052 Bunker Hill Lane,TX
Masha,Maggi,30-09-1978,,Female,48 Jenifer Pass,LA
Leonardo,Sumshon,13-05-2001,67,Male,5 Cherokee Pass,MO
Addie,Shervington,28-01-1988,,Male,9 Wayridge Circle,MA
Maribelle,Deveraux,17-10-1997,,Female,6941 Mendota Park,TX
Khalil,Growy,23-12-1964,,Male,20137 Eliot Trail,CO
Lesley,Andrzej,11-03-1974,28,Female,84 Wayridge Plaza,TX
Keslie,Soaper,04-02-2002,,Female,6 Dwight Drive,OH
Karlis,Hellyer,18-01-1972,47,Male,83 Fremont Center,TX
Maxie,Ullrich,21-11-2000,,Male,92078 Forest Run Hill,TX
Morgen,Alfwy,10-04-1991,,Female,7 Stone Corner Street,OH
Ogdan,Routledge,14-01-1985,27,Male,9 High Crossing Road,NC
Aldus,Tester,27-11-1996,48,Male,5168 Holmberg Avenue,TN
Jillene,Whistlecraft,31-12-1967,37,Female,1297 Goodland Circle,OH
Claudie,Fynes,12-02-2005,,Female,484 Di Loreto Place,CA
Thornie,Pakes,23-02-1953,64,Male,18 Dorton Crossing,CA
Nataline,Feak,15-02-2006,,Female,5158 Manley Terrace,OK
Jannelle,MacMorland,08-07-1995,,Female,220 Upham Road,AZ
Violet,Cartin,29-08-1961,,Female,19 Marcy Pass,NY
Naomi,Audley,03-07-1981,,Female,65617 Oakridge Way,IN
Hastings,Graben,01-04-1978,74,Male,84217 Monterey Circle,TN
Faunie,Chazelas,13-03-1954,40,Female,20 Annamark Court,AZ
Rahal,Crucitti,04-10-1963,50,Female,7999 Forster Alley,NC
Kynthia,Davidove,24-08-1951,33,Female,03 Warbler Road,NV
Tim,Bielfelt,06-11-2001,46,Male,1 Ronald Regan Place,TX
Gretal,Sharpus,20-12-1954,,Female,80039 Manley Way,TN
Mead,Banke,06-01-1985,,Male,9 Mayer Street,WA
Ketti,Beedon,26-10-1956,,Female,57343 Merry Trail,MI
Michel,Simonnot,17-07-1958,,Female,11 Heath Junction,TN
Hew,Petters,02-05-1995,17,Male,1 Parkside Lane,FL
Albertine,Considine,02-06-1963,,Female,490 Little Fleur Terrace,WA
Fara,Dellenty,24-03-1984,72,Female,31 Jackson Street,CA
Patric,Hawyes,17-08-1987,,Male,7 Bunting Drive,NY
Sheridan,Aireton,09-07-1980,34,Male,51052 Texas Junction,NY
Ferdinande,Drohane,06-08-1959,,Female,87 Wayridge Plaza,LA
Tedda,Niccols,12-08-1999,,Female,03993 Thierer Street,AL
Aguistin,Scaife,21-01-1962,72,Male,948 Stone Corner Center,CA
Wait,Tebald,16-08-1988,,Male,31116 Norway Maple Street,VA
Jobi,Skarman,23-11-1952,,Female,773 Montana Drive,DC
Ermanno,Prantl,31-01-1966,40,Male,266 Golf Course Alley,NV
Emmaline,Kerner,13-10-1979,19,Female,585 Caliangt Way,MN
Raquela,Gillean,19-10-2002,44,Female,433 New Castle Pass,NY
Lib,Izakoff,08-03-1991,72,Female,32760 Clove Court,CA
Otha,Farnish,14-07-1996,,Female,49 Trailsway Drive,DC
Neely,Klimpke,28-07-1997,,Female,12 Macpherson Hill,CA
Malinde,Blais,17-08-1980,,Female,4 Dakota Street,OK
Fletcher,Happer,26-05-1985,42,Male,85380 Transport Circle,TX
Warner,Crenage,09-04-2010,54,Male,19976 Ridge Oak Avenue,AZ
Theobald,Harker,30-08-1984,75,Male,35 Doe Crossing Avenue,MS
Julita,Frampton,03-08-1980,66,Female,7085 Haas Street,AR
Huey,Barabisch,05-02-1966,,Male,987 Havey Place,NC
Niles,Abelson,28-10-1959,23,Male,20 Fallview Parkway,CA
Rosemonde,Fisby,25-04-1998,,Female,4176 Mosinee Alley,MI
Chandal,Locock,01-01-1985,,Female,31 Claremont Avenue,TX
Desmond,Skamal,11-09-1980,20,Male,90 Iowa Pass,NC
Troy,Sandbatch,03-06-1993,17,Male,1 Sundown Point,CA
Jimmie,Wackley,06-12-1990,67,Male,40141 Kennedy Lane,NY
Olav,Rudderham,11-08-1960,,Male,77080 Cody Road,OH
Noby,Bortoli,27-04-2006,,Male,2 Ridgeway Park,GA
Conway,Hendren,20-11-1996,69,Male,28 Rockefeller Road,VA
Shannen,Turton,15-07-1959,,Female,12649 Lukken Parkway,VA
Clarance,Macartney,18-10-1995,48,Male,9 Commercial Road,FL
Tony,Tumilson,11-08-1966,26,Male,2511 Continental Trail,AZ
Marcille,Zukerman,28-12-1998,,Female,7460 Summer Ridge Center,OH
Jesse,McMickan,29-03-2000,47,Male,1 Coolidge Center,TX
Siouxie,Gosden,11-09-1961,,Female,100 Clove Plaza,FL
Rowena,Maciejak,06-07-1977,,Female,2 Express Avenue,LA
Marjy,Ketcher,10-10-1961,,Female,6070 Elmside Junction,MD
Sharona,Youthead,18-09-1982,,Female,3 Merry Alley,TX
Krystle,Cullinan,24-05-1966,,Female,84 Barby Way,NC
Nevsa,McElory,24-04-2008,22,Female,79 Tony Terrace,TN
Elvyn,Penhalewick,31-05-1993,16,Male,24 Rutledge Pass,AK
Marsha,Cyples,26-09-1961,23,Female,59 Logan Avenue,DC
Oates,Binge,03-01-1975,67,Male,0312 Sauthoff Junction,OH
Friedrich,Solland,19-11-1981,27,Male,22 Dorton Hill,CA
Bev,Molloy,15-11-2006,,Female,084 Hanover Alley,CA
Merrile,Mosley,02-02-1961,,Female,917 Pepper Wood Alley,TX
Bibbye,Toxell,14-10-2005,,Female,2132 Thierer Park,OK
Lauren,Joblin,31-05-2000,,Female,989 Sachtjen Crossing,OH
Zahara,Gaynor,06-10-1993,,Female,270 Autumn Leaf Plaza,PA
Wallis,Riccardini,25-07-1955,74,Male,032 Knutson Parkway,VA
Sherie,Redington,13-12-1958,31,Female,66350 Logan Crossing,OK
Kurtis,Shortland,13-08-1959,46,Male,7370 Randy Pass,AL
Selinda,Fowlie,18-01-2006,,Female,0 Northport Park,CA
Erhard,Mollindinia,17-12-1978,29,Male,48 Randy Alley,CA
Marget,Blaxeland,30-06-2005,70,Female,6 Surrey Center,CA
Bryce,Straun,14-06-1985,23,Male,77 Kenwood Parkway,CA
Oneida,Matevushev,13-08-2000,74,Female,5 Beilfuss Junction,WA
Algernon,Vescovini,30-04-1976,73,Male,8 Prairie Rose Circle,CA
Kiri,Lindberg,21-12-1950,,Female,22391 Erie Crossing,WV
Darda,Rendle,05-07-1990,,Female,01367 Pennsylvania Crossing,FL
Olympia,Heggman,08-01-1979,,Female,094 Sunbrook Center,CA
Boris,Dudney,05-01-1951,69,Male,51 Everett Road,LA
Thornie,Reihill,16-04-1955,60,Male,14 Mifflin Avenue,VA
Chrysler,Blade,09-04-1980,48,Female,38086 Rutledge Junction,FL
Rozelle,Furmenger,06-09-2002,,Female,669 Johnson Parkway,GA
Rori,Gunner,21-10-1967,52,Female,7928 Towne Parkway,IA
Vin,Calam,14-10-1962,34,Male,42 Monument Trail,DC
Teresa,Ibbs,22-10-1958,41,Female,6953 Becker Place,DC
Paddy,Harrison,20-03-2008,,Male,035 Dwight Avenue,OK
Shanan,Yorston,22-01-1978,55,Male,48 Shopko Crossing,NY
Alejandra,Cuel,05-05-1966,38,Female,303 Almo Pass,TX
Loraine,Egarr,29-07-2006,31,Female,1 Tennessee Hill,NY
Trstram,Dobrowolski,19-05-1983,30,Male,38 Amoth Alley,PA
Asher,Sheran,08-11-1976,17,Male,91863 Aberg Street,CA
Alexio,Mohun,22-04-1981,45,Male,2 Cambridge Terrace,IL
Lin,Vallentin,05-01-1951,,Male,11 David Road,KY
Iago,Daouze,03-09-1974,51,Male,9252 Mariners Cove Street,NE
Loren,Greason,27-03-1998,53,Female,90 Farragut Alley,WA
Heall,Waterman,19-03-1971,61,Male,7749 Luster Hill,TX
Jobi,Toolin,18-06-1975,75,Female,727 Schmedeman Plaza,TX
Lucio,Bisatt,08-07-1992,49,Male,97353 Canary Way,TX
Kevyn,Schinetti,04-12-1965,,Female,86940 Graceland Junction,KY
Erroll,Kulvear,14-02-1986,61,Male,55902 Crowley Junction,GA
Goran,Sappson,25-08-1991,,Male,754 Oak Valley Parkway,MO
Tabbie,Cheng,28-01-1958,,Female,7572 Bluestem Avenue,AK
Kit,Di Lucia,05-10-1988,,Female,2 Duke Lane,MO
Daron,Tweddle,28-04-1996,52,Male,7 Anthes Plaza,FL
Preston,Parminter,27-08-1987,57,Male,4135 6th Road,RI
Tamarah,Henrion,30-01-2002,,Female,18118 Raven Center,WA
Berni,Tinghill,02-04-1977,36,Female,58637 Melvin Avenue,NY
Donny,Eberst,15-07-2007,,Female,8082 Elgar Avenue,OK
Waneta,Nairns,09-12-1987,65,Female,09 Pankratz Lane,ID
Gerome,Hansen,30-11-2003,49,Male,8526 Swallow Center,FL
Ardra,Skarin,07-07-1981,44,Female,784 Shoshone Center,FL
Shayna,Josipovic,14-12-1968,,Female,39 Clove Plaza,VA
Riannon,Henden,16-02-2005,,Female,3394 Logan Alley,PA
Earle,Ashbolt,06-01-2002,60,Male,3 Eastlawn Way,MA
Pooh,Dailly,30-10-1960,,Female,82 Stoughton Pass,CA
Roseline,Vigors,25-04-1985,,Female,123 Dakota Junction,NY
Donal,Millis,04-03-1978,,Male,64840 Debs Drive,NV
Wallas,Bettenay,08-05-1975,37,Male,858 Anthes Drive,TX
Alberto,Cluett,19-12-1961,58,Male,738 Shelley Crossing,CO
Lorena,Robshaw,22-10-2010,62,Female,35112 Kingsford Parkway,FL
Jae,Shelbourne,24-10-1989,,Male,850 Crescent Oaks Terrace,IN
Dreddy,Messham,11-06-1977,,Female,3234 Mayer Drive,WI
Sinclair,Breawood,27-02-2010,,Male,624 Loftsgordon Circle,KS
Ammamaria,Ellcock,29-09-2008,40,Female,213 Norway Maple Court,TX
Marian,Rantoul,03-06-2000,,Female,94 Eastlawn Pass,IA
Clarice,Gisborne,25-09-1988,,Female,96 Calypso Place,DE
Marcello,Leggen,16-05-1953,,Male,1 Ridgeway Point,CA
Itch,Fowkes,14-10-1997,73,Male,9 Gale Terrace,WA
Wileen,Clapson,16-11-1967,,Female,255 Thompson Terrace,TX
Vince,Burgoine,30-09-1980,,Male,5409 Northfield Place,IL
Ferdinande,Ghirardi,10-11-1989,,Female,4 Trailsway Point,NY
Colby,Ilyinski,12-12-1999,24,Male,27 Brickson Park Alley,PA
Gerianne,Derr,19-03-1980,,Female,4 Redwing Terrace,AZ
Constanta,Redley,01-11-1952,35,Female,09 Bayside Parkway,TX
Melonie,Coulthard,12-08-2008,,Female,449 Schlimgen Park,AL
Adelaida,Kiwitz,23-03-1965,56,Female,157 4th Lane,FL
Westleigh,Karle,25-11-1974,53,Male,30939 Chive Place,TX
Olive,Cayette,16-11-2009,,Female,60 Doe Crossing Pass,WI
Tucky,Taaffe,27-09-1958,,Male,60123 Prentice Way,IN
Noami,Fanshaw,10-04-1968,63,Female,22862 Mesta Crossing,CO
Thorstein,Knappe,12-08-1995,,Male,84 Fordem Road,TX
Kimberly,Inkin,17-05-1962,,Female,4845 David Pass,AZ
Molli,Nolli,17-04-1998,,Female,1 Northland Parkway,KY
Adriana,Spiteri,25-10-1973,70,Female,33267 Farragut Street,CA
Claudelle,Normington,22-03-1991,,Female,15655 Parkside Center,MA
Tiler,Ivimy,05-04-1982,,Male,30236 Novick Plaza,NV
Tabbie,Grassett,18-06-1986,,Male,7 Elka Avenue,TX
Thaddus,Handaside,22-06-1969,,Male,2352 Macpherson Crossing,MO
Susette,Cathrall,11-01-1985,,Female,8 Clarendon Point,AK
Evelina,Krauss,27-01-1964,,Female,72 Manufacturers Circle,PA
Vania,Innis,22-01-1963,72,Female,1 Dawn Center,TN
Tandie,Blanque,30-01-1975,,Female,24 Mallory Way,TX
Sayer,Ceillier,24-01-1993,,Male,3247 Badeau Place,LA
Lannie,Francescuzzi,09-10-1959,15,Male,89712 Parkside Point,PA
Chere,Meanwell,17-06-1964,49,Female,424 Kim Place,FL
Leola,Jacobovitch,27-06-2002,24,Female,340 North Trail,WI
Ofella,Culross,13-12-1955,,Female,977 Annamark Court,FL
Cesaro,Abdy,04-11-1990,51,Male,5 Morning Avenue,DC
Cedric,Schoffel,01-11-2006,63,Male,23965 Brown Park,OH
Georgie,McDermot,07-06-1959,39,Female,7 Maple Wood Park,NY
Bernarr,Taig,15-12-1987,,Male,6 Sunfield Parkway,CO
Lanny,Rubinfajn,17-11-2001,61,Male,8426 Jay Plaza,PA
Sella,Farren,02-06-1975,65,Female,58 Esch Circle,AZ
Mirilla,Hadaway,23-10-2008,,Female,43 Mayfield Circle,CO
Perrine,Dance,23-10-1955,,Female,78010 Forest Dale Point,ME
Regine,Manger,25-01-1963,,Female,0 Sunfield Alley,WI
Elijah,Schindler,20-01-1996,16,Male,59 Arapahoe Parkway,CA
Myrvyn,Stephens,18-10-1959,,Male,2733 Anzinger Way,DC
Quint,Arpin,28-02-1952,,Male,03196 Sloan Street,TX
Petronella,Chatenier,02-02-1999,,Female,2030 Mallard Junction,NV
Allsun,Rands,01-08-1978,29,Female,4599 Hazelcrest Trail,TX
Reider,Readwin,06-07-1984,,Male,40 Hauk Pass,TX
Erna,McGinnis,10-10-1987,49,Female,10189 Northport Plaza,NH
Tad,Bryan,22-02-1967,66,Male,85 Starling Street,IN
Colet,Fell,24-12-1988,42,Male,5 Bluejay Point,FL
Hashim,Dungey,28-03-1991,34,Male,826 Kinsman Plaza,PA
Fionna,Hitchens,26-01-1989,24,Female,7 Nobel Pass,CT
Erika,Hugli,04-09-2010,,Female,1560 Alpine Alley,OH
Reynold,Wooddisse,24-09-1995,62,Male,518 Nevada Circle,CA
Katey,Mannering,12-12-2003,31,Female,40051 Katie Plaza,NY
Klara,Terlinden,06-08-1960,,Female,47 Summerview Place,NY
Verge,Tolchard,12-01-2006,55,Male,077 Nevada Point,NY
Lindsey,Creaser,11-01-1999,,Female,51 Iowa Place,NV
Lonni,MacCosto,26-01-1984,,Female,530 Mosinee Terrace,AZ
Ardelis,Worvill,26-01-1972,,Female,872 Larry Trail,PA
Noel,Llewellyn,07-06-1961,27,Male,8 Spohn Hill,OH
Sharia,Giacobilio,01-11-1962,,Female,17 Menomonie Point,GA
Ethe,Geistbeck,07-02-1966,,Male,788 Spenser Street,TX
Raphael,Hawkeridge,05-08-1965,67,Male,7 Donald Point,CO
Eduardo,Coe,17-12-1950,36,Male,41 Namekagon Crossing,CA
Annabal,Ashdown,12-02-1969,,Female,983 Sugar Alley,KY
Aluin,Redfearn,07-01-2005,63,Male,03229 Becker Trail,FL
Padriac,Hincks,08-01-1969,,Male,93 Harper Place,NC
Sheridan,Madoc-Jones,17-12-1981,,Male,7160 Milwaukee Pass,WV
Tammy,Wennington,10-07-1963,38,Male,038 Heath Circle,PA
Cyrus,Rockcliffe,27-03-1967,,Male,82232 American Avenue,OH
Othilia,Benezeit,05-09-1996,,Female,68358 Emmet Way,MN
Ramonda,Sapir,23-03-1999,,Female,6 La Follette Parkway,UT
Crin,Burgoin,03-11-1980,,Female,474 Emmet Avenue,TX
Leonardo,Burles,24-08-1953,,Male,698 Lyons Lane,NY
Rhodie,Thorold,20-12-2009,37,Female,5 Grover Plaza,NY
Raimondo,Boys,29-06-1957,,Male,4 Goodland Pass,WI
Devi,Rathjen,24-10-1981,56,Female,21644 Ramsey Court,NY
Natalie,Emanulsson,17-01-2000,50,Female,63835 Amoth Lane,FL
Jonathon,Kovnot,05-11-1985,,Male,83653 Kropf Way,DC
Edi,Lehrian,04-04-1951,,Female,0959 Aberg Park,TX
Teriann,Attaway,02-03-1988,65,Female,83 Orin Circle,VA
Kaela,Stichel,23-12-1964,27,Female,4948 Barnett Street,NJ
Merridie,Sproson,14-08-2003,19,Female,416 Fallview Trail,NC
Trey,Benedetti,09-10-1978,71,Male,0 Dennis Crossing,TX
Maris,Colton,17-04-1999,,Female,9319 Homewood Center,FL
Ozzy,Coils,02-04-1951,,Male,0394 Bellgrove Parkway,AZ
Lindsey,Calf,28-11-1951,59,Male,1068 Butternut Circle,WV
Melissa,Bettenson,21-07-1975,17,Female,573 Butterfield Way,MN
Fleming,Spieck,23-01-1961,71,Male,46996 Memorial Trail,CA
Robbie,MacQuist,20-01-1994,18,Male,44 Ruskin Trail,NY
Hartley,Prator,15-08-1972,,Male,8324 Jackson Trail,MD
Claudetta,Vann,23-07-1985,,Female,3148 Victoria Court,NY
Udall,Mullin,16-04-1982,59,Male,7056 Myrtle Circle,WV
Lionel,Daddow,18-04-1970,,Male,75824 7th Pass,IL
Enos,Egentan,23-11-1956,62,Male,37 Old Shore Avenue,NV
Ximenes,Iglesia,26-05-1962,62,Male,86380 Donald Parkway,OR
Teddy,Gaggen,18-10-1972,45,Female,032 Forster Hill,AZ
Wolfie,Ruvel,04-02-2001,,Male,5 Village Green Junction,VA
Claudianus,Achromov,08-04-1988,,Male,13890 Banding Center,VA
Juana,Vasilenko,12-10-1982,24,Female,9238 Lien Circle,MD
Thelma,Haddow,02-11-1977,,Female,28 Hoepker Avenue,MA
Monti,Basson,22-05-1952,,Male,5 Charing Cross Point,MO
Bride,Segrave,10-10-2007,28,Female,82582 Dottie Terrace,WA
Ginelle,Reiners,05-09-1998,54,Female,9 Continental Trail,MT
Nevile,Keeler,13-04-1960,,Male,62261 Memorial Park,FL
Odessa,Joan,12-01-1975,,Female,94 Park Meadow Avenue,NC
Theresita,Kilbane,17-11-1981,30,Female,60850 Surrey Avenue,TX
Filberte,Swatland,30-11-1997,,Male,39 Alpine Plaza,NY
Alanson,Wordesworth,25-06-1989,30,Male,1 Waywood Trail,KS
Margareta,Palfery,31-07-1972,,Female,466 Moland Court,TX
Silvano,Lempenny,26-01-1994,,Male,1 Graedel Hill,CA
Caresa,Kikke,14-03-1979,28,Female,88618 North Court,TN
Christye,Saunders,31-03-1987,,Female,51 Moulton Junction,TX
Gabriele,McComiskie,22-04-1990,,Male,59799 Welch Crossing,VA
Kalvin,Genny,22-04-1981,,Male,9347 Charing Cross Avenue,VA
Fidel,Bagnal,11-08-1956,57,Male,6491 Boyd Court,CA
Victoir,Rodden,16-12-2001,,Male,17844 Melrose Parkway,OH
Marnia,Corkitt,16-01-1986,30,Female,295 Truax Point,UT
Cob,Marsy,12-06-1961,,Male,5636 Algoma Court,AZ
Courtnay,Vonasek,10-12-1970,28,Female,51704 Red Cloud Road,OH
Althea,Pickthall,16-08-1993,,Female,353 Arizona Place,TX
Valentine,Vidgeon,20-05-1955,67,Male,1 Veith Point,CO
Hertha,Iacobucci,15-01-1959,63,Female,3965 Ludington Trail,DC
Shelley,Hachard,17-10-1981,,Female,008 Wayridge Road,FL
Pavia,Pendleton,03-12-1951,,Female,66120 Muir Court,NV
Baxter,Barkworth,08-09-1980,,Male,11567 Summer Ridge Terrace,ID
Berton,Bilbey,03-09-1998,,Male,304 Becker Pass,CA
Maybelle,Schwandt,07-03-1959,,Female,694 Paget Drive,CA
Natty,Mackley,03-01-2004,27,Male,25458 Johnson Lane,NC
Rodney,Dudeney,04-09-1998,,Male,32 Main Alley,CA
Rodd,Donegan,25-03-2010,73,Male,440 Saint Paul Drive,GA
Terrell,Unstead,30-03-1986,70,Male,0044 Columbus Point,LA
Arliene,Hunnisett,20-08-2006,,Female,2 Rigney Point,CA
Walt,Heggadon,06-05-1996,,Male,885 Crowley Plaza,DE
Gawen,Gaddie,08-01-1951,,Male,7 Roxbury Center,IL
Marianna,Suddaby,17-12-2000,70,Female,9463 Spaight Circle,FL
Cherilyn,Rigeby,13-11-1958,,Female,79 Londonderry Crossing,NE
Bobbe,Barkas,19-10-1953,,Female,08 Talisman Avenue,WI
Penelopa,Kobierski,25-06-1997,,Female,972 Longview Parkway,OH
Odessa,Tierny,02-05-1970,,Female,0 Bay Drive,CA
Verine,Sneezem,04-09-1977,57,Female,13 Hintze Road,NV
Alasdair,Maffini,15-07-1978,29,Male,67396 Carpenter Road,RI
Brandon,Dell'Abbate,31-01-1981,,Male,6604 Arapahoe Alley,WI
Hynda,Crownshaw,28-11-1961,64,Female,37946 Grasskamp Court,FL
Felice,Flawith,29-12-1990,18,Male,4 Arrowood Terrace,TX
Frasier,Elman,04-07-1994,54,Male,7 Walton Center,CO
Travers,Ullyatt,12-02-1962,,Male,63724 Calypso Pass,SC
Langston,Worms,07-02-1972,,Male,2475 Towne Plaza,AZ
Rik,Maccaddie,14-02-1984,,Male,01813 Erie Park,TN
Godard,Schiefersten,09-03-1954,70,Male,0 Merrick Crossing,FL
Elka,Bendig,28-06-1959,71,Female,42133 Boyd Lane,NY
Ralina,Rowson,15-05-1973,57,Female,64 Kingsford Road,IN
Golda,Melrose,08-04-1978,17,Female,604 Springs Court,GA
Almeta,Risbie,24-12-1951,45,Female,632 Atwood Terrace,TX
Livvyy,Salerg,23-08-1990,27,Female,26 Prentice Drive,NY
Sancho,Aves,17-09-1962,64,Male,2489 Bluejay Park,SC
Kameko,Glowacki,03-04-1970,,Female,05 Donald Terrace,TX
Drew,Cochet,03-04-2004,30,Male,92 Ridge Oak Center,AZ
Allie,Tuffield,18-12-2005,,Male,513 Thompson Lane,OH
Hope,Puxley,08-11-1994,,Female,79449 6th Road,OH
Terrye,Jewer,16-12-1995,61,Female,576 Killdeer Parkway,ID
Michale,Guillford,29-12-1987,,Male,05 Truax Drive,NY
Hamish,Brach,31-05-2006,16,Male,59723 Pond Hill,OH
Melitta,Scamadine,06-01-1995,,Female,69751 Fallview Street,MO
Taber,Lathbury,13-01-1982,,Male,50 Arapahoe Plaza,PA
Vachel,Asple,23-04-1952,,Male,83259 Main Alley,KY
Fifine,Glascott,02-03-1964,,Female,768 Sunbrook Center,KY
Eduino,Keigher,14-09-1993,62,Male,12082 Monument Terrace,AZ
Olly,Jennaroy,15-06-1995,,Female,37 Eggendart Terrace,VA
Sergei,Foskew,08-07-1990,,Male,9 Glendale Point,NY
Alika,De la Zenne,11-06-1989,,Female,04 Ilene Lane,CA
Elisabetta,Gong,11-04-2004,75,Female,0 Loftsgordon Pass,NV
Waverley,Gavrieli,03-10-2006,,Male,23222 Village Way,GA
Delano,Mariel,16-11-2003,59,Male,130 Clove Lane,NY
Jerry,Sanja,18-10-1984,,Female,823 Messerschmidt Crossing,TX
Alden,Picknett,16-10-1956,33,Male,4325 Esker Terrace,NY
Palmer,Kilfoyle,26-01-1951,34,Male,80 Morning Park,KS
Livvy,Paulmann,31-12-1951,,Female,68178 Russell Alley,IN
Griffie,Longega,21-03-1987,,Male,10423 Manufacturers Alley,AZ
Humphrey,Grimes,09-07-1968,15,Male,5422 Schmedeman Circle,VA
Rodrigo,Pendry,17-10-1956,,Male,7785 Coleman Plaza,NC
Maggi,Brantl,28-01-1984,,Female,54984 Moland Way,AL
Theodora,Muller,15-11-1961,,Female,18 Charing Cross Terrace,NY
Leigha,Alf,29-06-1979,,Female,9 Heffernan Street,CA
Candace,Hembling,13-10-1982,37,Female,8316 Pond Court,NY
Mahala,Methven,25-09-1959,,Female,60 Mccormick Point,CA
Ashely,Holbury,27-05-1963,,Female,5 Katie Road,CA
Ax,Avrashin,23-09-1988,22,Male,75731 New Castle Way,KY
Ada,Tofful,28-08-1978,,Female,834 Cambridge Lane,LA
Deck,Feehery,12-09-1967,28,Male,28 5th Lane,OK
Davide,Dewire,13-12-1970,,Male,3945 Chive Hill,NY
Lorry,Davidof,13-12-1951,68,Male,0780 Northview Road,TX
Camella,Howland,26-03-1970,42,Female,365 Sheridan Alley,OR
Morgen,Spadazzi,19-10-1958,,Male,490 Scoville Street,TX
Normy,Bernardot,20-06-1981,,Male,40 Tony Place,MO
Eda,Yacobsohn,21-02-2000,,Female,095 Forster Pass,CO
Lianne,Sudlow,27-12-1970,31,Female,2696 Manley Way,NM
Haskel,Sumshon,21-04-1956,34,Male,188 Bluejay Drive,VA
Lexi,Manuaud,20-06-1992,27,Female,0664 Hooker Parkway,NY
Kaile,Jouen,15-04-1972,,Female,713 Walton Drive,MD
Nita,Libbe,10-01-1968,45,Female,134 Evergreen Trail,AL
Amory,Hoston,25-03-1959,,Male,9345 Sheridan Plaza,IA
Sal,Easterbrook,19-10-1987,31,Female,8328 Mayer Parkway,CO
Berkly,Doble,25-01-1998,,Male,67 Tony Place,TX
